:020000040800F2
:10000000104E002071020008250900082909000887
:100010002D0900083109000835090008000000001A
:10002000000000000000000000000000B101000816
:1000300039090008000000000D02000849CB000843
:100040008B0200088B0200088B0200088B0200085C
:100050008B0200088B0200088B0200088B0200084C
:100060008B0200088B0200088B0200088B0200083C
:100070008B0200088B0200088B0200088B0200082C
:100080008B0200088B0200088B02000800000000B1
:100090000000000000000000000000008B020008CB
:1000A0008B0200083B0900088B0200088B02000845
:1000B0008B0200088B0200088B0200088B020008EC
:1000C0008B0200088B0200088B0200088B020008DC
:1000D0008B0200088B0200088B0200080000000061
:1000E0008B0200088B0200088B0200080000000051
:1000F0000000000000000000000000008B0200086B
:10010000000000008B0200088B0200088B02000830
:1001100000000000000000000000000000000000DF
:100120008B0200088B0200088B0200088B0200087B
:100130008B0200080000000000000000000000002A
:100140000000000000000000000000008B0200081A
:100150008B0200088B0200088B0200088B0200084B
:100160008B0200088B020008000000000000000065
:10017000000000000000000000000000000000007F
:10018000000000008B0200080000000000000000DA
:100190008B0200088B020008DFF810D00EF09CFBE9
:1001A000004800475D030008AFF30080104E0020B8
:1001B0002C4B19680868B0E8F04F80F30988BFF34A
:1001C0006F8F4FF0000080F311887047000000002F
:1001D00008480068006880F308884FF0000080F34A
:1001E000148862B661B6BFF34F8FBFF36F8F00DF25
:1001F00000BF00BF08ED00E0DFF80C00016841F42B
:1002000070010160704700BF88ED00E0EFF30980E6
:10021000BFF36F8F134B1A681EF0100F08BF20ED4D
:10022000108A20E9F04F106009B44FF0500080F3BD
:100230001188BFF34F8FBFF36F8F0BF050F84FF063
:10024000000080F3118809BC19680868B0E8F04F15
:100250001EF0100F08BFB0EC108A80F30988BFF3BE
:100260006F8F704724000020EFF305807047000077
:100270000648804706480047FEE7FEE7FEE7FEE740
:10028000FEE7FEE7FEE7FEE7FEE7FEE7E591000892
:100290009901000813B50C464FF6FF730122694619
:1002A0003B4807F0F3FC00981CBD72B600BFFEE7A8
:1002B00000B593B0302107A80EF0CEFA142102A8A1
:1002C0000EF0CAFA00BF002001903248006840F0EA
:1002D0008050304908600846006800F08050019066
:1002E00000BF00BF00BF002001902B48006840F411
:1002F0004040294908600846006800F440400190E9
:1003000000BF00BF0220079001200A9010200B9030
:1003100002200D9000210E9108210F91642110916F
:10032000022111910421129107A805F057FC08B190
:10033000FFF7BBFF0F2002900220039000200490E3
:100340004FF48050059000200690032102A805F08C
:10035000E1FE08B1FFF7A9FF13B000BD07F0EDF80B
:10036000FFF7A6FF00F01CF800F06CFA0CF0F7FBAA
:1003700000F03BF90CF032FC00BFFEE710B504467C
:1003800006492068884201D107F012F910BD00002B
:10039000A8000020403802400070004000000140EA
:1003A00000B587B0142102A80EF056FA00BF002055
:1003B00001902448006840F0040022490860084683
:1003C000006800F00400019000BF00BF00BF0020E3
:1003D00001900846006840F0800008600846006808
:1003E00000F08000019000BF00BF00BF002001901E
:1003F0000846006840F0010008600846006800F008
:100400000100019000BF00BF00224FF400510E48D0
:1004100006F0F5F94FF400500290012003900020FF
:100420000490059002A9084806F07AF8012002908D
:10043000002003900120049002A9044806F070F8FF
:1004400007B000BD30380240000802400000024002
:1004500008B5002400200090002201210A2009F0A4
:10046000C5FA6F4908600846006818B96DA00EF01B
:1004700045FA02E072A00EF041FA00BF79A00EF03A
:100480003DFA674800680028F8D07B4A694664480E
:10049000006809F031FF0128F0D107F091F8054616
:1004A0002A469DF8001075A00EF028FA9DF800006D
:1004B0000EF05CF90446002CE0D107F081F8054607
:1004C00029467BA00EF01AFAD8E71CB500240120BB
:1004D0000190002204210A2009F088FA7E49086070
:1004E000002000900846006818B97CA00EF006FABB
:1004F00002E081A00EF002FA00BF0098401C0090BC
:1005000001A80EF0EBF804468CB99DF8040070B910
:1005100082A00EF0F3F90123002269466E480068BC
:1005200009F01EFB012802D180A00EF0E7F914B1FA
:1005300083A00EF0E3F964200CF083FEDDE71CB528
:10054000002401200190FF20009000BF81A00EF048
:10055000D5F94FF47A7101A80EF0D5F80446002CB5
:100560003CD19DF8040002281BD107F029F805466C
:1005700029467EA00EF0C2F902200090012300223D
:1005800069462748006809F0EBFA012806D107F010
:1005900017F8054629467DA00EF0B0F987A00EF0A9
:1005A000ADF99DF80400032818D107F009F80546B5
:1005B00029468AA00EF0A2F9032000900123002210
:1005C00069461748006809F0CBFA012806D106F001
:1005D000F7FF0546294688A00EF090F9642007F041
:1005E0000CF864200CF02DFEB0E710B58F4A002106
:1005F000AFF2B5000CF0CCFB8D4908608D4A0021AC
:10060000AFF239100CF0C4FB8B4908608B4A002113
:10061000AFF2C3100CF0BCFB8949086010BD0000AC
:10062000100000206C65645F7175657565206372EC
:100630006561746564206661696C6564200D0A00FB
:100640006C65645F7175657565206372656174655D
:1006500064207375636365737366756C6C79200DC4
:100660000A00000048656C6C6F206C65642074683B
:10067000726561640D0A0000A08601007265636501
:1006800069766564206C65645F7175657565207653
:10069000616C7565203D205B25645D20617420746C
:1006A000696D65205B25645D200D0A200000000057
:1006B0006C65645F6F6E5F6F6666207375636365FC
:1006C000737366756C6C792061742074696D652034
:1006D0005B25645D200D0A000C0000206B65795FCE
:1006E0007175657565206372656174656420666106
:1006F000696C6564200D0A006B65795F71756575BD
:1007000065206372656174656420737563636573E6
:100710007366756C6C79200D0A0000004B65795F7B
:10072000507265737365640D0A00000073656E6432
:10073000207375636365737366756C6C790D0A005D
:100740004B65795F6E6F745F507265737365640D8E
:100750000A000000415050207461736B20697320BF
:100760006C6976696E670D0A0000000073686F722D
:10077000742070726573736564206174205B2564F6
:100780005D207469636B200D0A0000004C45445FD6
:10079000544F47474C452073656E642073756363FF
:1007A00065737366756C6C79206174205B25645D7C
:1007B000207469636B200D0A000000006166746597
:1007C000722073656E642074686520717565756547
:1007D00020746F206C65640D0A0000006C6F6E67FA
:1007E00020707265737365646174205B25645D209D
:1007F0007469636B200D0A004C45445F424C494EBE
:100800004B5F335F54494D45532073656E642073CD
:1008100075636365737366756C6C79206174205BB6
:1008200025645D207469636B200D0A0090EA00085E
:1008300000000020B4EA000804000020D8EA000804
:100840000800002010B53348334908604FF4E13008
:100850004860002130488160C16001610C21416124
:1008600000218161C16107F061F808B1FFF71DFD4A
:1008700010BD10B586B00446142101A80DF0ECFFA0
:1008800024492068884230D100BF002000902348CE
:10089000006840F01000214908600846006800F038
:1008A0001000009000BF00BF00BF002000901B4858
:1008B0001438006840F001001849143908600846EF
:1008C000006800F00100009000BF00BF4FF4C0605E
:1008D0000190022002900020039003200490072042
:1008E000059001A90E4805F01BFE06B010BD10B51D
:1008F00004460849206888420AD10848006820F068
:100900001000064908604FF4C061054805F0DCFEA0
:1009100010BD000000100140A80000204438024033
:100920000000024000BFFEE700BFFEE700BFFEE799
:1009300000BFFEE700BFFEE7704710B5014802F0B8
:10094000E8FC10BDF000002008B500BF00200090BA
:100950001148006840F480400F490860084600686C
:1009600000F48040009000BF00BF00BF0020009056
:10097000081F006840F08050091F086008460068A2
:1009800000F08050009000BF00BF00220F21901E99
:1009900006F0F8FB08BD000044380240F0B587B00F
:1009A00004460026002700BF00200090274800686A
:1009B00040F00100254908600846006800F0010089
:1009C000009000BF00BF01A902A805F074FD05F06A
:1009D000D8FC06461E48B6FBF0F0471E1D481E49CF
:1009E000086040F2E7311C48C160476000210161A6
:1009F0008160816100F07CF8054695B9164800F0E9
:100A000037F905466DB9192006F0FAFB102C07D20C
:100A100000222146192006F0B5FB1048046000E0D2
:100A20000125284607B0F0BD0B480068C06820F0DB
:100A3000010009490968C860704707480068C06834
:100A400040F0010004490968C8607047443802401A
:100A500040420F0000000140F0000020180000207C
:100A600010B50268FE4B98420BD0B0F1804F08D011
:100A7000FC4B984205D0FC4B984202D0FB4B98426D
:100A800003D122F070024B681A43F54B984214D000
:100A9000B0F1804F11D0F34B98420ED0F24B9842F8
:100AA0000BD0F24B984208D0F14B984205D0F14B55
:100AB000984202D0F04B984203D122F44072CB68A6
:100AC0001A4322F080034C6943EA04028B68C36234
:100AD0000B688362E24B984201D10B6903630368A0
:100AE00043F00403036001234361026010BD7047BB
:100AF00010B504460CB9012010BD94F83D0028B98A
:100B0000002084F83C002046FFF7F1FF022084F823
:100B10003D00211D2068FFF7A3FF012084F8460057
:100B200000BF84F83E0001213F20015540200155BF
:100B30004120015500BF00BF012084F8420043203E
:100B40000155442001554520015500BF012084F87E
:100B50003D000020D0E7704710B50446022084F81D
:100B60003D0000BF2068006A41F21111084050B9F1
:100B70002068006A8910084028B92068006820F0C1
:100B800001002168086000BF2046FFF7E4FF002055
:100B900084F8460000BF84F83E0000213F20015544
:100BA000402001554120015500BF00BF002084F8BE
:100BB000420043200155442001554520015500BF06
:100BC000002084F83D0000BF84F83C0000BF10BD49
:100BD000014691F83D00012801D001207047022014
:100BE00081F83D009E4B0868984213D00868B0F128
:100BF000804F0FD09B4B086898420BD09A4B0868E7
:100C0000984207D0994B0868984203D0984B0868DF
:100C100098420CD10868806800F00702062A0CD0C0
:100C20000868006840F001000B68186005E008687B
:100C3000006840F001000B6818600020CEE7014614
:100C400000BF0868006A41F21112104050B90868EC
:100C5000006A9210104028B90868006820F001006E
:100C60000A68106000BF012081F83D000020704735
:100C7000014691F83D00012801D001207047022073
:100C800081F83D000868C06840F001000B68D8603A
:100C9000734B0868984213D00868B0F1804F0FD0AA
:100CA000704B086898420BD06F4B0868984207D089
:100CB0006E4B0868984203D06D4B086898420CD17F
:100CC0000868806800F00702062A0CD008680068EF
:100CD00040F001000B68186005E00868006840F00B
:100CE00001000B6818600020C8E701460868C0686A
:100CF00020F001000A68D06000BF0868006A41F275
:100D00001112104050B90868006A9210104028B9BA
:100D10000868006820F001000A68106000BF012028
:100D200081F83D0000207047704770B50546AC6BF8
:100D3000606AA84204D10120207784F83E001DE0BB
:100D4000A06AA84205D10220207701213F20015549
:100D500014E0E06AA84205D1042020770121402058
:100D600001550BE0206BA84205D108202077012116
:100D70004120015502E0012084F83D002046FFF7A4
:100D8000D3FF0020207770BD704770B50446A56B77
:100D90002846FFF7F9FF70BD704770B50546AC6B8C
:100DA000206AC06910B9012084F83D002046FFF791
:100DB000E5FA70BD2DE9F04104460E46154694F85B
:100DC0003D00022801D1BDE8F08194F83D000128E2
:100DD00007D106B10DB90120F5E7022084F83D00E6
:100DE00001E00120EFE72548216AC8632448216A11
:100DF0000864AFF2C900216AC864216801F12C02BD
:100E00002B463146206A05F0A2FE08B10120DAE740
:100E10002068C06840F480702168C860104920686C
:100E2000884213D02068B0F1804F0FD00D49206860
:100E300088420BD00C492068884207D00B492068B3
:100E4000884203D00A492068884220D120688068FF
:100E500000F00707062F20D02068006812E000008D
:100E6000000001400004004000080040000C004069
:100E70000040014000440140004801409B0D000833
:100E80008B0D000840F001002168086005E0206833
:100E9000006840F0010021680860002093E710B569
:100EA00004462068C06820F480702168C860206A09
:100EB00005F0F0FE00BF2068006A41F21111084001
:100EC00050B92068006A8910084028B92068006875
:100ED00020F001002168086000BF012084F83D0077
:100EE000002010BD704710B504460CB9012010BD9C
:100EF00094F83D0028B9002084F83C002046FFF714
:100F0000F1FF022084F83D00211D2068FFF7A8FDB5
:100F1000012084F8460000BF84F83E0001213F20F4
:100F20000155402001554120015500BF00BF01205F
:100F300084F84200432001554420015545200155C5
:100F400000BF012084F83D000020D0E7704710B5B5
:100F50000446022084F83D0000BF2068006A41F288
:100F60001111084050B92068006A8910084028B95A
:100F70002068006820F001002168086000BF20465A
:100F8000FFF7E4FF002084F8460000BF84F83E002D
:100F900000213F200155402001554120015500BF4F
:100FA00000BF002084F84200432001554420015531
:100FB0004520015500BF002084F83D0000BF84F8A3
:100FC0003C0000BF10BD30B501F01F05012404FA3C
:100FD00005F3046A9C430462046A01F01F0502FAE7
:100FE00005F52C43046230BD70B504460D4615B9B5
:100FF00094F83E000BE0042D02D13F20005D06E096
:10100000082D02D14020005D01E04120005D012853
:1010100001D0012070BD1DB9022084F83E000EE011
:10102000042D03D102213F20015508E0082D03D1F2
:1010300002214020015502E00221412001550122F8
:1010400029462068FFF7BFFFF9492068884201D18F
:10105000012000E0002028B12068406C40F40040EE
:1010600021684864F2492068884213D02068B0F1B2
:10107000804F0FD0EF49206888420BD0EE4920689E
:10108000884207D0ED492068884203D0EC492068A7
:1010900088420CD12068806800F00706062E0CD02C
:1010A0002068006840F001002168086005E02068C1
:1010B000006840F00100216808600020AAE730B510
:1010C00004460D46002229462068FFF77CFFD849D8
:1010D0002068884201D1012000E0002090B100BFCB
:1010E0002068006A41F21111084050B92068006A76
:1010F0008910084028B92068406C20F4004021681D
:10110000486400BF00BF2068006A41F21111084026
:1011100050B92068006A8910084028B92068006822
:1011200020F001002168086000BF1DB9012084F88B
:101130003E000EE0042D03D101213F20015508E0BF
:10114000082D03D101214020015502E00121412059
:101150000155002030BDF0B504460D46002615B9F6
:1011600094F83E000BE0042D02D13F20005D06E024
:10117000082D02D14020005D01E04120005D0128E2
:1011800001D00120F0BD1DB9022084F83E000EE020
:10119000042D03D102213F20015508E0082D03D181
:1011A00002214020015502E002214120015535B1C4
:1011B000042D0BD0082D10D00C2D1CD114E020686C
:1011C000C06840F002002168C86016E02068C0686E
:1011D00040F004002168C8600FE02068C06840F05B
:1011E00008002168C86008E02068C06840F010006E
:1011F0002168C86001E0012600BF00BFB6BB012224
:1012000029462068FFF7DFFE89492068884201D11E
:10121000012000E0002028B12068406C40F400402C
:101220002168486482492068884213D02068B0F160
:10123000804F0FD07F49206888420BD07E492068BC
:10124000884207D07D492068884203D07C492068C5
:1012500088420CD12068806800F00707062F0CD068
:101260002068006840F001002168086005E02068FF
:10127000006840F0010021680860304682E770B5E0
:1012800004460D46002635B1042D0BD0082D10D094
:101290000C2D1CD114E02068C06820F002002168E9
:1012A000C86016E02068C06820F004002168C860AB
:1012B0000FE02068C06820F008002168C86008E0DE
:1012C0002068C06820F010002168C86001E0012695
:1012D00000BF00BF002E46D1002229462068FFF73C
:1012E00072FE53492068884201D1012000E00020AD
:1012F00090B100BF2068006A41F21111084050B956
:101300002068006A8910084028B92068406C20F4E1
:1013100000402168486400BF00BF2068006A41F2B5
:101320001111084050B92068006A8910084028B996
:101330002068006820F001002168086000BF1DB926
:10134000012084F83E000EE0042D03D101213F204E
:10135000015508E0082D03D101214020015502E08C
:10136000012141200155304670BD704770B50546DA
:10137000AC6B606AA84202D10120207710E0A06A1D
:10138000A84202D1022020770AE0E06AA84202D1F6
:101390000420207704E0206BA84201D108202077A8
:1013A0002046FFF7E2FF0020207770BD704770B540
:1013B0000546AC6B606AA84207D101202077E86936
:1013C00018BB012084F83E001FE0A06AA84207D1A4
:1013D00002202077E869C0B901213F20015514E0BF
:1013E000E06AA84207D104202077E86968B90121A2
:1013F0004020015509E0206BA84206D10820207743
:10140000E86910B90121412001552046FFF7CEFFC0
:101410000020207770BD2DE9F04704460D461646A2
:101420001F464FF000086DB994F83E0016E000002A
:10143000000001400004004000080040000C004093
:1014400000400140042D02D13F20005D06E0082D40
:1014500002D14020005D01E04120005D022801D161
:10146000BDE8F08715B994F83E000BE0042D02D1D9
:101470003F20005D06E0082D02D14020005D01E024
:101480004120005D012818D106B10FB90120E7E71E
:101490001DB9022084F83E0011E0042D03D1022181
:1014A0003F2001550BE0082D03D1022140200155BA
:1014B00005E002214120015501E00120D0E735B1CE
:1014C000042D21D0082D3CD00C2D75D156E0FE49BD
:1014D000606AC163AFF26B11606A0164AFF2B5710B
:1014E000606AC164216801F134023B463146606A9A
:1014F00005F02DFB08B10120B2E72068C06840F478
:1015000000702168C8605AE0EF49A06AC163AFF279
:10151000A311A06A0164AFF2ED71A06AC1642168F1
:1015200001F138023B463146A06A05F010FB08B1D4
:10153000012095E72068C06840F480602168C86099
:101540003DE0E149E06AC163AFF2DF11E06A0164A6
:10155000AFF62901E06AC164216801F13C023B4613
:101560003146E06A05F0F3FA08B1012078E7206817
:10157000C06840F400602168C86020E0D249206B58
:10158000C163AFF21721206B0164AFF66101206BDC
:10159000C164216801F140023B463146206B05F0F1
:1015A000D6FA08B101205BE72068C06840F480509B
:1015B0002168C86003E0FFE74FF0010800BF00BFEB
:1015C000B8F1000F3ED1012229462068FFF7FBFC4D
:1015D000BE492068884201D1012000E0002028B1E6
:1015E0002068406C40F4004021684864B749206896
:1015F000884213D02068B0F1804F0FD0B4492068E2
:1016000088420BD0B3492068884207D0B24920688D
:10161000884203D0B149206888420DD12068806893
:1016200000F00709B9F1060F0CD02068006840F0FF
:1016300001002168086005E02068006840F00100B2
:101640002168086040460BE770B504460D46002649
:1016500035B1042D0ED0082D16D00C2D28D11DE04B
:101660002068C06820F400702168C860606A05F0D6
:1016700011FB1FE02068C06820F480602168C8600A
:10168000A06A05F007FB15E02068C06820F4006040
:101690002168C860E06A05F0FDFA0BE02068C068C8
:1016A00020F480502168C860206B05F0F3FA01E057
:1016B000012600BF00BF002E46D100222946206827
:1016C000FFF781FC81492068884201D1012000E0B8
:1016D000002090B100BF2068006A41F2111108405B
:1016E00050B92068006A8910084028B92068406C09
:1016F00020F400402168486400BF00BF2068006AF1
:1017000041F21111084050B92068006A8910084060
:1017100028B92068006820F001002168086000BF37
:101720001DB9012084F83E000EE0042D03D10121F3
:101730003F20015508E0082D03D10121402001552B
:1017400002E0012141200155304670BD704710B5BF
:1017500004460CB9012010BD94F83D0028B90020C2
:1017600084F83C002046FFF7F1FF022084F83D009A
:10177000211D2068FFF774F9012084F8460000BF9E
:1017800084F83E0001213F200155402001554120B1
:10179000015500BF00BF012084F8420043200155DD
:1017A000442001554520015500BF012084F83D002B
:1017B0000020D0E7704710B50446022084F83D00B1
:1017C00000BF2068006A41F21111084050B920683A
:1017D000006A8910084028B92068006820F00100DC
:1017E0002168086000BF2046FFF7E4FF002084F86E
:1017F000460000BF84F83E0000213F2001554020F4
:1018000001554120015500BF00BF002084F842006F
:1018100043200155442001554520015500BF0020BB
:1018200084F83D0000BF84F83C0000BF10BD70B5D7
:1018300004460D4615B994F83E000BE0042D02D184
:101840003F20005D06E0082D02D14020005D01E050
:101850004120005D012801D0012070BD1DB902208A
:1018600084F83E000EE0042D03D102213F200155F3
:1018700008E0082D03D102214020015502E0022199
:1018800041200155012229462068FFF79CFB0F49A2
:101890002068884201D1012000E0002028B12068A2
:1018A000406C40F400402168486408492068884240
:1018B00020D02068B0F1804F1CD0054920688842B4
:1018C00018D0044920680BE0AF1300080000014065
:1018D0000004004000080040000C004000400140AF
:1018E000884207D0FB492068884203D0FA49206823
:1018F00088420CD12068806800F00706062E0CD0C4
:101900002068006840F001002168086005E0206858
:10191000006840F001002168086000209DE730B5B4
:1019200004460D46002229462068FFF74CFBEB4990
:101930002068884201D1012000E0002090B100BF62
:101940002068006A41F21111084050B92068006A0D
:101950008910084028B92068406C20F400402168B4
:10196000486400BF00BF2068006A41F211110840BE
:1019700050B92068006A8910084028B920680068BA
:1019800020F001002168086000BF1DB9012084F823
:101990003E000EE0042D03D101213F20015508E057
:1019A000082D03D101214020015502E001214120F1
:1019B0000155002030BDF0B504460D46002615B98E
:1019C00094F83E000BE0042D02D13F20005D06E0BC
:1019D000082D02D14020005D01E04120005D01287A
:1019E00001D00120F0BD1DB9022084F83E000EE0B8
:1019F000042D03D102213F20015508E0082D03D119
:101A000002214020015502E002214120015535B15B
:101A1000042D0BD0082D10D00C2D1CD114E0206803
:101A2000C06840F002002168C86016E02068C06805
:101A300040F004002168C8600FE02068C06840F0F2
:101A400008002168C86008E02068C06840F0100005
:101A50002168C86001E0012600BF00BFB6BB0122BB
:101A600029462068FFF7AFFA9C492068884201D1D7
:101A7000012000E0002028B12068406C40F40040C4
:101A80002168486495492068884213D02068B0F1E5
:101A9000804F0FD09249206888420BD0914920682E
:101AA000884207D08B492068884203D08A49206841
:101AB00088420CD12068806800F00707062F0CD000
:101AC0002068006840F001002168086005E0206897
:101AD000006840F0010021680860304682E770B578
:101AE00004460D46002635B1042D0BD0082D10D02C
:101AF0000C2D1CD114E02068C06820F00200216881
:101B0000C86016E02068C06820F004002168C86042
:101B10000FE02068C06820F008002168C86008E075
:101B20002068C06820F010002168C86001E001262C
:101B300000BF00BF002E46D1002229462068FFF7D3
:101B400042FA66492068884201D1012000E0002065
:101B500090B100BF2068006A41F21111084050B9ED
:101B60002068006A8910084028B92068406C20F479
:101B700000402168486400BF00BF2068006A41F24D
:101B80001111084050B92068006A8910084028B92E
:101B90002068006820F001002168086000BF1DB9BE
:101BA000012084F83E000EE0042D03D101213F20E6
:101BB000015508E0082D03D101214020015502E024
:101BC000012141200155304670BD2DE9F047044602
:101BD0000D4616461F464FF0000815B994F83E0012
:101BE0000BE0042D02D13F20005D06E0082D02D15C
:101BF0004020005D01E04120005D022801D1BDE8E8
:101C0000F08715B994F83E000BE0042D02D13F2077
:101C1000005D06E0082D02D14020005D01E041207A
:101C2000005D012818D106B10FB90120E7E71DB901
:101C3000022084F83E0011E0042D03D102213F2050
:101C400001550BE0082D03D102214020015505E08C
:101C500002214120015501E00120D0E735B1042DDA
:101C600021D0082D49D00C2D79D163E01E49606A3E
:101C7000C163AFF60711606A0164AFF65171606A23
:101C8000C164216801F134023B463146606A04F0C8
:101C90005EFF08B10120B2E72068C06840F4007020
:101CA0002168C86066E01049A06AC163AFF64311BD
:101CB000A06A0164AFF68D71A06AC164216801F168
:101CC00038023B463146A06A04F041FF70B1012062
:101CD00095E70000000C004000400140000001407A
:101CE0000004004000080040AF1300082068C068EE
:101CF00040F480602168C8603CE0FA49E06AC16352
:101D0000AFF69711E06A0164AFF6E171E06AC16471
:101D1000216801F13C023B463146E06A04F017FFBE
:101D200008B101206BE72068C06840F400602168BA
:101D3000C8601FE0EB49206BC163AFF6CF11206B89
:101D40000164E949206BC164216801F140023B460E
:101D50003146206B04F0FBFE10B101204FE706E096
:101D60002068C06840F480502168C86002E04FF0ED
:101D7000010800BF00BFB8F1000F3ED10122294683
:101D80002068FFF720F9D9492068884201D1012055
:101D900000E0002028B12068406C40F40040216839
:101DA0004864D2492068884213D02068B0F1804F3F
:101DB0000FD0CF49206888420BD0CE492068884296
:101DC00007D0CD492068884203D0CC49206888429A
:101DD0000DD12068806800F00709B9F1060F0CD01A
:101DE0002068006840F001002168086005E0206874
:101DF000006840F00100216808604046FFE670B5C9
:101E000004460D46002635B1042D0ED0082D16D0FF
:101E10000C2D28D11DE02068C06820F400702168D6
:101E2000C860606A04F036FF1FE02068C06820F4D4
:101E300080602168C860A06A04F02CFF15E020686B
:101E4000C06820F400602168C860E06A04F022FFE6
:101E50000BE02068C06820F480502168C860206BC7
:101E600004F018FF01E0012600BF00BF002E46D19C
:101E7000002229462068FFF7A6F89C49206888427E
:101E800001D1012000E0002090B100BF2068006A6D
:101E900041F21111084050B92068006A89100840C9
:101EA00028B92068406C20F400402168486400BFD5
:101EB00000BF2068006A41F21111084050B9206843
:101EC000006A8910084028B92068006820F00100E5
:101ED0002168086000BF1DB9012084F83E000EE0B3
:101EE000042D03D101213F20015508E0082D03D125
:101EF00001214020015502E00121412001553046D9
:101F000070BD704710B504460CB9012010BD94F89F
:101F10003D0028B9002084F83C002046FFF7F1FF7F
:101F2000022084F83D00211D2068FEF799FD012064
:101F300084F8460000BF84F83E0001213F2001558F
:101F4000402001554120015500BF00BF012084F809
:101F5000420043200155442001554520015500BF52
:101F6000012084F83D000020D0E7704710B50446FA
:101F7000022084F83D0000BF2068006A41F2111180
:101F8000084050B92068006A8910084028B92068C4
:101F9000006820F001002168086000BF2046FFF7BC
:101FA000E4FF002084F8460000BF84F83E000021D2
:101FB0003F200155402001554120015500BF00BF81
:101FC000002084F84200432001554420015545205B
:101FD000015500BF002084F83D0000BF84F83C009C
:101FE00000BF10BD2DE9F04104460D4615B994F827
:101FF0003E000BE0042D02D13F20005D06E0082DDD
:1020000002D14020005D01E04120005D074615B986
:1020100094F842000BE0042D02D14320005D06E05D
:10202000082D02D14420005D01E04520005D80467E
:10203000012F02D1B8F1010F02D00120BDE8F081DB
:102040001DB9022084F83E000EE0042D03D10221C8
:102050003F20015508E0082D03D102214020015501
:1020600002E00221412001551DB9022084F84200FE
:102070000EE0042D03D102214320015508E0082D74
:1020800003D102214420015502E0022145200155DF
:10209000012229462068FEF796FF144920688842ED
:1020A00013D02068B0F1804F0FD0114920688842CA
:1020B0000BD010492068884207D00F492068884219
:1020C00003D00E49206888421AD12068806800F049
:1020D0000706062E1AD02068006840F0010021682B
:1020E000086013E0AF1300082B0D0008000001404A
:1020F0000004004000080040000C00400040014087
:102100002068006840F0010021680860002095E721
:1021100030B504460D46002229462068FEF753FFDD
:1021200000BF2068006A41F21111084050B92068D0
:10213000006A8910084028B92068006820F0010072
:102140002168086000BF1DB9012084F83E000EE040
:10215000042D03D101213F20015508E0082D03D1B2
:1021600001214020015502E00121412001551DB906
:10217000012084F842000EE0042D03D10121432008
:10218000015508E0082D03D101214420015502E04A
:10219000012145200155002030BD2DE9F0430446C2
:1021A0000D46002615B994F83E000BE0042D02D12F
:1021B0003F20005D06E0082D02D14020005D01E0D7
:1021C0004120005D804615B994F842000BE0042DD3
:1021D00002D14320005D06E0082D02D14420005DBD
:1021E00001E04520005D8146B8F1010F02D1B9F14F
:1021F000010F02D00120BDE8F0831DB9022084F850
:102200003E000EE0042D03D102213F20015508E0DD
:10221000082D03D102214020015502E00221412076
:1022200001551DB9022084F842000EE0042D03D1AF
:1022300002214320015508E0082D03D1022144204A
:10224000015502E002214520015535B1042D0BD086
:10225000082D10D00C2D1CD114E02068C06840F06F
:1022600002002168C86016E02068C06840F00400E1
:102270002168C8600FE02068C06840F0080021684D
:10228000C86008E02068C06840F010002168C8609D
:1022900001E0012600BF00BF46BB0122294620689D
:1022A000FEF791FEFE492068884213D02068B0F105
:1022B000804F0FD0FB49206888420BD0FA49206834
:1022C000884207D0F9492068884203D0F84920683D
:1022D00088420CD12068806800F00707062F0CD0D8
:1022E0002068006840F001002168086005E020686F
:1022F000006840F001002168086030467BE770B557
:1023000004460D46002635B1042D0BD0082D10D003
:102310000C2D1CD114E02068C06820F00200216858
:10232000C86016E02068C06820F004002168C8601A
:102330000FE02068C06820F008002168C86008E04D
:102340002068C06820F010002168C86001E0012604
:1023500000BF00BF002E3FD1002229462068FEF7B3
:1023600032FE00BF2068006A41F21111084050B9E6
:102370002068006A8910084028B92068006820F0A9
:1023800001002168086000BF1DB9012084F83E00EB
:102390000EE0042D03D101213F20015508E0082D56
:1023A00003D101214020015502E0012141200155C6
:1023B0001DB9012084F842000EE0042D03D1012153
:1023C0004320015508E0082D03D101214420015587
:1023D00002E0012145200155304670BD704770B5BF
:1023E0000546AC6B606AA84202D10120207710E05C
:1023F000A06AA84202D1022020770AE0E06AA8423F
:1024000002D10420207704E0206BA84201D10820EB
:1024100020772046FFF7E2FF0020207770BD70474D
:1024200070B50546AC6B606AA8420AD101202077DE
:10243000E86900282BD1012084F83E0084F842008E
:1024400025E0A06AA84209D102202077E869F0B906
:1024500001213F2001554320015518E0E06AA842C0
:1024600009D104202077E86988B90121402001556D
:10247000442001550BE0206BA84208D108202077AA
:10248000E86920B901214120015545200155204628
:10249000FFF7C5FF0020207770BD2DE9F05F0446EF
:1024A0000D4616461F464FF0000B15B994F83E0036
:1024B0000BE0042D02D13F20005D06E0082D02D183
:1024C0004020005D01E04120005D814615B994F88F
:1024D00042000BE0042D02D14320005D06E0082DF0
:1024E00002D14420005D01E04520005D8246B9F143
:1024F000020F02D0BAF1020F02D10220BDE8F09F14
:10250000B9F1010F2FD1BAF1010F2CD106B10FB9DA
:102510000120F3E71DB9022084F83E000EE0042DEF
:1025200003D102213F20015508E0082D03D10221EB
:102530004020015502E00221412001551DB9022031
:1025400084F8420011E0042D03D1022143200155FB
:102550000BE0082D03D102214420015505E00221A2
:102560004520015501E00120C8E7012229462068E5
:10257000FEF729FD35B1042D21D0082D3CD00C2DBE
:1025800075D156E0AFF26711606AC163AFF2B11165
:10259000606A01644749606AC164226802F13401DB
:1025A0003B463246606A04F0D2FA08B10120A5E742
:1025B0002068C06840F400702168C8605AE0AFF23B
:1025C0009F11A06AC163AFF2E911A06A01643949A1
:1025D000A06AC164226802F138013B463246A06A13
:1025E00004F0B5FA08B1012088E72068C06840F41B
:1025F00080602168C8603DE0AFF2DB11E06AC16332
:10260000AFF22521E06A01642A49E06AC1642268C8
:1026100002F13C013B463246E06A04F098FA08B108
:1026200001206BE72068C06840F400602168C86042
:1026300020E0AFF21321206BC163AFF25D21206B6C
:1026400001641C49206BC164226802F140013B46D1
:102650003246206B04F07BFA08B101204EE7206877
:10266000C06840F480502168C86003E0FFE74FF085
:10267000010B00BF00BF0A492068884220D02068B3
:10268000B0F1804F1CD007492068884218D0064915
:102690002068884214D005492068884210D00BE099
:1026A000000001400004004000080040000C004011
:1026B000004001402B0D0008FE49206888420DD1E2
:1026C0002068806800F00708B8F1060F0CD0206879
:1026D000006840F001002168086005E0206800689B
:1026E00040F0010021680860584607E770B50446CD
:1026F0000D460026002229462068FEF764FC35B10D
:10270000042D0ED0082D16D00C2D28D11DE02068E8
:10271000C06820F400702168C860606A04F0BAFAEA
:102720001FE02068C06820F480602168C860A06A4B
:1027300004F0B0FA15E02068C06820F40060216859
:10274000C860E06A04F0A6FA0BE02068C06820F4D4
:1027500080502168C860206B04F09CFA01E00126DB
:1027600000BF00BF56BB00BF2068006A41F21111D4
:10277000084050B92068006A8910084028B92068CC
:10278000006820F001002168086000BF1DB9012029
:1027900084F83E000EE0042D03D101213F200155B5
:1027A00008E0082D03D101214020015502E001215C
:1027B000412001551DB9012084F842000EE0042D8E
:1027C00003D101214320015508E0082D03D1012147
:1027D0004420015502E0012145200155304670BDDD
:1027E000704770B504460D460CB9012070BD94F8D1
:1027F0003D0028B9002084F83C002046FFF7F0FF98
:10280000022084F83D00211D2068FEF729F9206888
:10281000006820F0080021680860206800682843EC
:1028200021680860012084F8460084F83E000121F8
:102830003F200155012084F842004320015501202A
:1028400084F83D000020D1E7704710B5044602200F
:1028500084F83D0000BF2068006A41F21111084071
:1028600050B92068006A8910084028B920680068BB
:1028700020F001002168086000BF2046FFF7E4FF58
:10288000002084F8460084F83E0000213F200155D6
:10289000002084F8420043200155002084F83D00C8
:1028A00000BF84F83C0000BF10BD2DE9F043044692
:1028B000894694F83E503F20065D94F842704320CC
:1028C00010F80480012D06D1012E04D1012F02D170
:1028D000B8F1010F02D00120BDE8F083022084F896
:1028E0003E0002213F200155022084F8420043208F
:1028F0000155012200212068FEF765FB0122042119
:102900002068FEF760FB6C492068884201D10120F5
:1029100000E0002028B12068406C40F400402168AD
:1029200048640020D8E730B504460D460022114621
:102930002068FEF748FB002204212068FEF743FBD5
:102940005D492068884201D1012000E0002090B15B
:1029500000BF2068006A41F21111084050B9206898
:10296000006A8910084028B92068406C20F40040B3
:102970002168486400BF00BF2068006A41F211115D
:10298000084050B92068006A8910084028B92068BA
:10299000006820F001002168086000BF012084F871
:1029A0003E0001213F200155012084F842004320D0
:1029B0000155002030BD2DE9F0430446894694F8C6
:1029C0003E503F20065D94F84270432010F804808A
:1029D000012D06D1012E04D1012F02D1B8F1010F32
:1029E00002D00120BDE8F083022084F83E000221DD
:1029F0003F200155022084F8420043200155206801
:102A0000C06840F002002168C8602068C06840F0DB
:102A100004002168C860012200212068FEF7D3FA73
:102A2000012204212068FEF7CEFA2349206888425B
:102A300001D1012000E0002028B12068406C40F462
:102A40000040216848640020CCE730B504460D46BC
:102A50002068C06820F002002168C8602068C06853
:102A600020F004002168C860002211462068FEF7AB
:102A7000AAFA002204212068FEF7A5FA0E49206870
:102A8000884201D1012000E0002090B100BF206801
:102A9000006A41F21111084050B92068006A89109B
:102AA000084028B92068406C20F400402168486440
:102AB00000BF03E0004001400000014000BF20686B
:102AC000006A41F21111084050B92068006A89106B
:102AD000084028B92068006820F0010021680860DB
:102AE00000BF012084F83E0001213F200155012054
:102AF00084F8420043200155002030BD70472DE985
:102B0000F04104460D4614B90120BDE8F08194F867
:102B10003D0028B9002084F83C002046FFF7EEFF76
:102B2000022084F83D002068806844F20701884351
:102B300021688860211D2068FDF792FF2068D0F889
:102B40000880206886692068076A286840EA0808C3
:102B500040F203308643A969A86840EA0120064391
:102B600040F60C4086434FF2F0008643E969E8687E
:102B700040EA0120064328690001296A40EA013041
:102B8000064327F0220727F088076969686840EA4A
:102B9000011007432068C0F808802068866120681B
:102BA0000762012084F8460084F83E0001213F209E
:102BB0000155012084F8420043200155012084F88A
:102BC0003D000020A1E7704710B50446022084F8BC
:102BD0003D0000BF2068006A41F21111084050B961
:102BE0002068006A8910084028B92068006820F031
:102BF00001002168086000BF2046FFF7E4FF0020C5
:102C000084F8460084F83E0000213F200155002052
:102C100084F8420043200155002084F83D0000BFA5
:102C200084F83C0000BF10BD2DE9F04304460D467A
:102C300094F83E603F20075D94F84280432010F8EE
:102C400004906DB9012E02D1B8F1010F02D001201C
:102C5000BDE8F083022084F83E0084F8420025E0BD
:102C6000042D0CD1012F02D1B9F1010F01D00120A7
:102C7000EEE702213F2001554320015516E0012EC9
:102C800007D1012F05D1B8F1010F02D1B9F1010F20
:102C900001D00120DCE7022084F83E0002213F2021
:102CA0000155022084F842004320015515B1042D3E
:102CB0000CD105E0012200212068FEF784F910E024
:102CC000012204212068FEF77EF90AE0012200219A
:102CD0002068FEF778F9012204212068FEF773F9D5
:102CE00000BF00BF2068006840F001002168086054
:102CF0000020ADE730B504460D4615B1042D0CD1CA
:102D000005E0002211462068FEF75DF910E0002280
:102D100004212068FEF757F90AE0002211462068D6
:102D2000FEF751F9002204212068FEF74CF900BF9C
:102D300000BF00BF2068006A41F21111084050B97D
:102D40002068006A8910084028B92068006820F0CF
:102D500001002168086000BF0DB1042D28D11DB904
:102D6000012084F83E000EE0042D03D101213F2014
:102D7000015508E0082D03D101214020015502E052
:102D80000121412001551DB9012084F842001AE0BB
:102D9000042D03D101214320015514E0082D03D156
:102DA0000121442001550EE00121452001550AE092
:102DB000012084F83E0001213F200155012084F8C4
:102DC000420043200155002030BD2DE9F043044668
:102DD0000D4694F83E603F20075D94F84280432002
:102DE00010F804906DB9012E02D1B8F1010F02D094
:102DF0000120BDE8F083022084F83E0084F8420000
:102E000025E0042D0CD1012F02D1B9F1010F01D021
:102E10000120EEE702213F2001554320015516E035
:102E2000012E07D1012F05D1B8F1010F02D1B9F15F
:102E3000010F01D00120DCE7022084F83E000221CE
:102E40003F200155022084F842004320015515B16E
:102E5000042D18D10BE0012200212068FEF7B3F801
:102E60002068C06840F002002168C86022E00122AA
:102E700004212068FEF7A7F82068C06840F004002D
:102E80002168C86016E0012200212068FEF79BF847
:102E9000012204212068FEF796F82068C06840F0FF
:102EA00002002168C8602068C06840F00400216802
:102EB000C86000BF00BF2068006840F001002168C2
:102EC0000860002095E730B504460D465DB9002244
:102ED00011462068FEF777F82068C06820F00200ED
:102EE0002168C86023E0042D0BD100220421206852
:102EF000FEF769F82068C06820F004002168C86007
:102F000015E0002211462068FEF75DF8002204213A
:102F10002068FEF758F82068C06820F00200216899
:102F2000C8602068C06820F004002168C86000BF45
:102F30002068006A41F21111084050B92068006A07
:102F40008910084028B92068006820F00100216835
:102F5000086000BF0DB1042D28D11DB9012084F8EF
:102F60003E000EE0042D03D101213F20015508E071
:102F7000082D03D101214020015502E0012141200B
:102F800001551DB9012084F842001AE0042D03D137
:102F900001214320015514E0082D03D101214420D3
:102FA00001550EE00121452001550AE0012084F879
:102FB0003E0001213F200155012084F842004320BA
:102FC0000155002030BD2DE9FF5F04460D461E4629
:102FD0000E9F94F83E803F2010F8049094F842A091
:102FE000432010F804B0E5B9B8F1020F02D0BAF1ED
:102FF000020F03D1022004B0BDE8F09FB8F1010F29
:103000000DD1BAF1010F0AD1029800B10FB9012018
:10301000F1E7022084F83E0084F842004BE00120F2
:10302000E9E7042D19D1B9F1020F02D0BBF1020F6B
:1030300001D10220DFE7B9F1010F0CD1BBF1010F83
:1030400009D106B10FB90120D5E702213F20015572
:10305000432001552FE00120CDE7B8F1020F08D041
:10306000B9F1020F05D0BAF1020F02D0BBF1020F85
:1030700001D10220BFE7B8F1010F1AD1B9F1010F58
:1030800017D1BAF1010F14D1BBF1010F11D1029880
:1030900008B106B10FB90120ADE7022084F83E0067
:1030A00002213F200155022084F8420043200155AF
:1030B00001E001209FE715B1042D50D127E0AFF6C4
:1030C0009F41606AC163AFF6E941606A0164FD49EE
:1030D000606AC164226802F134013B46606A029A68
:1030E00003F035FD08B1012085E72068C06840F491
:1030F00000702168C860012200212068FDF763FF8D
:103100002068006840F001002168086070E0AFF6B8
:10311000EF41A06AC163AFF63951A06A0164E94981
:10312000A06AC164226802F138013B463246A06AB7
:1031300003F00DFD08B101205DE72068C06840F490
:1031400080602168C860012204212068FDF73BFFF0
:103150002068006840F001002168086048E0AFF690
:103160003F51606AC163AFF68951606A0164D54915
:10317000606AC164226802F134013B46606A029AC7
:1031800003F0E5FC08B1012035E7AFF66B51A06A0A
:10319000C163AFF6B551A06A0164CA49A06AC164AF
:1031A000226802F138013B463246A06A03F0CFFCA8
:1031B00008B101201FE72068C06840F40070216852
:1031C000C8602068C06840F480602168C86001223F
:1031D00000212068FDF7F7FE012204212068FDF799
:1031E000F2FE2068006840F001002168086000BF1E
:1031F00000BF0020FFE670B504460D4675B90022F9
:1032000011462068FDF7DFFE2068C06820F40070DA
:103210002168C860606A03F03DFD2CE0042D0ED1EA
:10322000002204212068FDF7CEFE2068C06820F44B
:1032300080602168C860A06A03F02CFD1BE00022BA
:1032400011462068FDF7BFFE002204212068FDF72B
:10325000BAFE2068C06820F400702168C860206849
:10326000C06820F480602168C860606A03F012FDC5
:10327000A06A03F00FFD00BF2068006A41F211113F
:10328000084050B92068006A8910084028B92068B1
:10329000006820F001002168086000BF0DB1042D16
:1032A00028D11DB9012084F83E000EE0042D03D181
:1032B00001213F20015508E0082D03D101214020C4
:1032C000015502E00121412001551DB9012084F87A
:1032D00042001AE0042D03D101214320015514E0DE
:1032E000082D03D10121442001550EE00121452084
:1032F00001550AE0012084F83E0001213F200155DC
:10330000012084F8420043200155002070BD704721
:10331000704770B504462068C5682068066906F0E5
:103320000200022819D105F00200022815D1401F21
:1033300021680861012020772068806900F003007F
:1033400018B12046FFF76BF805E02046FFF7E0FFD5
:103350002046FEF72BF80020207706F00400042812
:1033600019D105F00400042815D1C0432168086173
:10337000022020772068806900F4407018B1204650
:10338000FFF74DF805E02046FFF7C2FF2046FEF7A5
:103390000DF80020207706F00800082819D105F064
:1033A0000800082815D1C04321680861042020774F
:1033B0002068C06900F0030018B12046FFF72FF81D
:1033C00005E02046FFF7A4FF2046FDF7EFFF0020B1
:1033D000207706F01000102819D105F010001028F1
:1033E00015D1C04321680861082020772068C06992
:1033F00000F4407018B12046FFF711F805E02046B0
:10340000FFF786FF2046FDF7D1FF0020207706F06A
:10341000010048B105F0010030B16FF001002168F2
:1034200008612046FCF7AAFF06F08000802809D139
:1034300005F08000802805D1C0432168086120463E
:1034400002F0A6FB06F04000402809D105F040003C
:10345000402805D1C043216808612046FFF757FF87
:1034600006F02000202809D105F02000202805D1F1
:10347000C04321680861204602F09FFA70BD30B554
:10348000036A056A25F4805505624468C26922F41E
:10349000E04222F440720D6842EA052223F4005310
:1034A0008D6843EA0533084DA84204D124F48044D2
:1034B0004D6944EA85144460C2614D680564036245
:1034C00030BD00002B0D00080000014030B5026A3D
:1034D000056A25F4807505624368C46924F07004A8
:1034E00024F003040D682C4322F400728D6842EA34
:1034F0000522FB4DA84207D100BF22F40062CD682F
:1035000042EA052222F48062F54DA84209D123F453
:10351000805323F400534D6943EA05138D6943EA50
:1035200005134360C4614D68C563026230BD30B5A8
:10353000026A056A25F0100505624368846924F46F
:10354000E04424F440740D6844EA052422F020028B
:103550008D6842EA0512E24DA84207D100BF22F071
:103560008002CD6842EA051222F04002DC4DA842FA
:1035700009D123F4806323F400634D6943EA850392
:103580008D6943EA8503436084614D688563026207
:1035900030BD30B5026A056A25F001050562436851
:1035A000846924F0700424F003040D682C4322F095
:1035B00002028D682A43CA4DA84206D100BF22F0FC
:1035C0000802CD682A4322F00402C54DA84207D163
:1035D00023F4807323F400734D692B438D692B43CF
:1035E000436084614D684563026230BD2DE9F0415E
:1035F00004460E461546002700BF94F83C000128FB
:1036000002D10220BDE8F081012084F83C0000BF17
:1036100035B1042D09D0082D0CD00C2D14D10EE09D
:1036200031462068FFF7B5FF10E031462068FFF70C
:103630007EFF0BE031462068FFF748FF06E0314689
:103640002068FFF71CFF01E0012700BF00BF00BF9B
:10365000002084F83C0000BF3846D3E770B50C4624
:103660001546026A066A26F480560662C16921F48C
:10367000407141EA052121F470414FF4704606EA99
:103680000336314322F420424FF4204606EA043642
:103690003243C161026270BD70B50C461546026AC4
:1036A000066A26F480760662C16921F00301294387
:1036B00021F0F001F02606EA0316314322F42062DD
:1036C0004FF4206606EA04263243C161026270BDEF
:1036D00070B50C461546026A066A26F010060662A8
:1036E000816921F4407141EA052121F470414FF4D0
:1036F000704606EA0336314322F0A002A02606EA0D
:10370000041632438161026270BD70B50C461546E5
:10371000026A066A26F0010606628169704EB042AE
:103720000ED0B0F1804F0BD06E4EB04208D06E4E2E
:10373000B04205D06D4EB04202D06D4EB04201D1C4
:10374000012600E000261EB121F00301294301E01B
:1037500041F0010121F0F001F02606EA03163143A1
:1037600022F00A0204F00A0632438161026270BD4F
:103770002DE9F04104460D461646002700BF94F897
:103780003C00012802D10220BDE8F081012084F82C
:103790003C0000BF96B9EB68D5E900122068FFF73E
:1037A000B4FF2068806920F00C00216888612068DF
:1037B0008069A96808432168886141E0042E13D11B
:1037C000EB68D5E900122068FFF782FF2068806966
:1037D00020F440602168886120688069A96840EA17
:1037E0000120216888612BE0082E12D1EB68D5E911
:1037F00000122068FFF750FF2068C06920F00C001D
:103800002168C8612068C069A96808432168C86147
:1038100016E00C2E13D1EB68D5E900122068FFF7F3
:103820001DFF2068C06920F440602168C8612068DD
:10383000C069A96840EA01202168C86100E0012749
:1038400000BF002084F83C0000BF38469CE72DE90B
:10385000F04104460D461646002700BF94F83C0090
:10386000012802D10220BDE8F081012084F83C004B
:1038700000BF36B1042E1BD0082E3BD00C2E68D1D1
:103880004FE029462068FFF784FE2068806940F0F9
:103890000800216888612068806920F004002168A0
:1038A000886120688069296908432168886152E03D
:1038B00029462068FFF73BFE2068806940F40060DD
:1038C000216888612068806920F4806021688861AF
:1038D00020688069296940EA0120216888613AE00E
:1038E000000001400004004000080040000C0040BF
:1038F0000040014029462068FFF7E8FD2068C069C4
:1039000040F008002168C8612068C06920F0040008
:103910002168C8612068C069296908432168C861B5
:1039200019E029462068FFF7AAFD2068C06940F425
:1039300000602168C8612068C06920F48060216847
:10394000C8612068C069296940EA01202168C8610E
:1039500001E0012700BF00BF00BF002084F83C0049
:1039600000BF38467FE72DE9F04188B004460D4698
:1039700016461F464FF00008BE427DD000BF94F8A7
:103980003C00012803D1022008B0BDE8F0810120ED
:1039900084F83C0000BF022084F83D0028680190B4
:1039A00068680290A8680390E86804902869069007
:1039B0006869079016B1042E0AD104E001A92068B5
:1039C000FFF7E7FD07E001A92068FFF7B0FD02E07F
:1039D0004FF0010800BF00BFB8F1000F53D117B17D
:1039E000042F4CD124E0D5E90723A9692068FFF70B
:1039F0008CFE2068806920F00C00216888612068B6
:103A0000806820F07000216888602068806840F03D
:103A10005000216888602068806820F007002168D5
:103A200088602068806840F006002168886029E08E
:103A3000D5E90723A9692068FFF74AFE2068806955
:103A400020F44060216888612068806820F0700060
:103A5000216888602068806840F060002168886084
:103A60002068806820F007002168886020688068EE
:103A700040F00600216800E00FE0886002E04FF0AF
:103A8000010800BF00BF012084F83D0000BF0020F6
:103A900084F83C0000BF404676E7012074E7704799
:103AA00070B50446A56B2846FFF7F9FF70BD70B5E9
:103AB0000546AC6BA06BC06910B9012084F83D00CD
:103AC0002046FFF724FC70BD2DE9F04704460F4661
:103AD00015461E46DDE9088A4FF0000994F84600B5
:103AE000022801D1BDE8F08794F84600012807D1EB
:103AF0001EB9B8F1000F00D0F4E7022084F84600A8
:103B0000B5F5006F53D009DCB5F5807F10D0B5F561
:103B1000007F22D0B5F5806F72D133E0B5F5805FBC
:103B20005AD0B5F5005F6ED0B5F5804FF4D17FE087
:103B3000F848216AC863F848216A0864F748216A8E
:103B4000C864216801F14C0253463146206A02F0F4
:103B5000FEFF08B10120C5E782E0F149606AC16358
:103B6000F049606A0164ED49606AC164216801F14D
:103B70004C0253463146606A02F0E9FF08B1012069
:103B8000B0E76DE0E649A06AC163E649A06A016456
:103B9000E249A06AC164216801F14C0253463146F2
:103BA000A06A02F0D4FF08B101209BE758E0DC498D
:103BB000E06AC163DB49E06A0164D849E06AC16434
:103BC000216801F14C0253463146E06A02F0BFFF22
:103BD00008B1012086E743E0D149206BC163D14998
:103BE000206B0164CD49206BC164216801F14C0256
:103BF00053463146206B02F0AAFF18B1012071E74D
:103C00002BE000E02CE0C849606BC163C749606BE2
:103C10000164C249606BC164216801F14C025346E2
:103C20003146606B02F093FF08B101205AE717E0BC
:103C3000BF49A06BC163BF49A06B0164B749A06BCA
:103C4000C164216801F14C0253463146A06B02F079
:103C50007EFF08B1012045E702E04FF0010900BFF7
:103C600000BFB9F1000F08D147EA08002168886455
:103C70002068C06828432168C860484632E72DE9BB
:103C8000FC4705460E46174698460A9C200A401CEB
:103C900043463A463146CDE900402846FFF714FF37
:103CA00081464846BDE8FC8770B504460D460026AF
:103CB000B5F5006F20D009DCB5F5807F10D0B5F5E3
:103CC000007F11D0B5F5806F26D111E0B5F5805F8A
:103CD00016D0B5F5005F17D0B5F5804F1CD117E0B1
:103CE000206A02F0D7FF19E0606A02F0D3FF15E006
:103CF000A06A02F0CFFF11E0E06A02F0CBFF0DE016
:103D0000206B02F0C7FF09E0606B02F0C3FF05E023
:103D1000A06B02F0BFFF01E0012600BF00BF3EB96B
:103D20002068C068A8432168C860012084F8460064
:103D3000304670BD2DE9F04704460F4615461E4635
:103D4000DDE9088A4FF0000994F84600022801D105
:103D5000BDE8F08794F84600012807D11EB9B8F1F4
:103D6000000F00D0F4E7022084F84600B5F5006F9C
:103D700053D009DCB5F5807F10D0B5F5007F22D097
:103D8000B5F5806F72D133E0B5F5805F5AD0B5F5E7
:103D9000005F6ED0B5F5804FF4D17FE05D48216AB9
:103DA000C8635D48216A08645C48216AC864226867
:103DB00002F14C0153463246206A02F0C8FE08B1B7
:103DC0000120C5E782E05C49606AC1635B49606AC3
:103DD00001645249606AC164226802F14C01534691
:103DE0003246606A02F0B3FE08B10120B0E76DE030
:103DF0005149A06AC1635149A06A01644749A06A58
:103E0000C164226802F14C0153463246A06A02F0B6
:103E10009EFE08B101209BE758E04749E06AC16374
:103E20004649E06A01643D49E06AC164226802F1E2
:103E30004C0153463246E06A02F089FE08B1012087
:103E400086E743E03C49206BC1633C49206B016439
:103E50003249206BC164226802F14C01534632465C
:103E6000206B02F074FE18B1012071E72BE000E036
:103E70002CE02D49606BC1632C49606B01642749BC
:103E8000606BC164226802F14C0153463246606B9C
:103E900002F05DFE08B101205AE717E02449A06B4B
:103EA000C1632449A06B01641C49A06BC1642268F2
:103EB00002F14C0153463246A06B02F048FE08B1B5
:103EC000012045E702E04FF0010900BF00BFB9F152
:103ED000000F08D147EA0800216888642068C0689C
:103EE00028432168C860484632E72DE9FC4705466B
:103EF0000E46174698460A9C200A401C43463A46FE
:103F00003146CDE900402846FFF714FF8146484678
:103F1000BDE8FC879B0D00088B0D00082B0D0008E9
:103F2000AF1300086D130008BD590008A759000819
:103F3000AF3A0008A13A000821240008DF23000856
:103F400070B504460D460026B5F5006F20D009DC9B
:103F5000B5F5807F10D0B5F5007F11D0B5F5806F35
:103F600026D111E0B5F5805F16D0B5F5005F17D00A
:103F7000B5F5804F1CD117E0206A02F08BFE19E0E6
:103F8000606A02F087FE15E0A06A02F083FE11E08D
:103F9000E06A02F07FFE0DE0206B02F07BFE09E09C
:103FA000606B02F077FE05E0A06B02F073FE01E0AB
:103FB000012600BF00BF3EB92068C068A843216841
:103FC000C860012084F84600304670BD024600BF3C
:103FD00092F83C00012801D102207047012082F8AC
:103FE0003C0000BF022082F83D00106841610120C2
:103FF00082F83D0000BF002082F83C0000BF00BFF7
:10400000EBE730B50C46816821F47F4142EA032595
:1040100025432943816030BDF0B504460D46164660
:10402000002700BF94F83C00012801D10220F0BD18
:10403000012084F83C0000BF022084F83D0068683D
:1040400010B101281AD106E02068806820F47F4072
:104050002168886014E0E86848B1012084F83D00D8
:1040600000BF002084F83C0000BF0120DFE7D5E955
:104070000313AA682068FFF7C4FF01E0012700BF0F
:1040800000BF002F49D136B1042E14D0082E22D003
:104090000C2E40D12FE0286830B12068806940F0B4
:1040A00080002168886105E02068806920F0800038
:1040B0002168886130E0286830B12068806940F468
:1040C00000402168886105E02068806920F4004094
:1040D0002168886120E0286830B12068C06940F01C
:1040E00080002168C86105E02068C06920F0800078
:1040F0002168C86110E0286830B12068C06940F4C8
:1041000000402168C86105E02068C06920F40040D3
:104110002168C86100E000BF00BF012084F83D00B5
:1041200000BF002084F83C0000BF38467FE70A4605
:10413000816821F0700142F00703194381607047E4
:1041400030B50B461446026A056A25F00105056282
:10415000816921F0F00141EA041122F00A021A43B8
:104160008161026230BD30B50B461446026A056AB1
:1041700025F010050562816921F4704141EA04319E
:1041800022F0A00242EA03128161026230BD2DE9F1
:10419000F04104460D46002700BF94F83C0001287A
:1041A00002D10220BDE8F081012084F83C0000BF6C
:1041B000022084F83D002068866826F0770626F401
:1041C0007F46206886602868502833D00CDC202881
:1041D00050D004DC00284BD0102851D149E03028C1
:1041E00049D040284CD139E060282DD0702807D024
:1041F000B0F5805F03D0B0F5005F41D10DE041E044
:10420000D5E902136A682068FFF7FBFE206886681C
:1042100046F077062068866034E0D5E902136A68C4
:104220002068FFF7EEFE2068806840F48040216837
:10423000886027E0EA6869682068FFF781FF5021FD
:104240002068FFF774FF1DE0EA6869682068FFF7DF
:104250008AFF60212068FFF76AFF13E0EA68696857
:104260002068FFF76DFF40212068FFF760FF09E03D
:1042700000BF00BF00BF29682068FFF758FF01E0BA
:10428000012700BF00BF012084F83D0000BF0020CF
:1042900084F83C0000BF384684E702460B461068AD
:1042A000416821F080011943106841600020704787
:1042B0002DE9F04705460C464FF00009286886684E
:1042C00026F070066068064326F00706206806435D
:1042D00028688660606800F00F0100293BD100115A
:1042E000082838D2DFE800F0333435360B272D04A8
:1042F000D4E90313A2682868FFF783FE2EE0206844
:10430000052802D10120BDE8F0872868D0F8208078
:104310002868006A20F00100296808622868876917
:1043200027F0F007206947EA0017286887612868A6
:10433000C0F8208012E02269A1682868FFF700FF1A
:104340000CE02269A1682868FFF70DFF06E000BFB6
:1043500000BF00BF02E04FF0010900BF00BF4846A8
:10436000D1E770B504460D4600BF94F83C00012823
:1043700001D1022070BD012084F83C0000BF022062
:1043800084F83D0029462046FFF792FF48B10120FE
:1043900084F83D0000BF002084F83C0000BF0120ED
:1043A000E8E72068C06820F040002168C860206805
:1043B000C06820F480402168C860012084F83D0076
:1043C00000BF002084F83C0000BF00BFD2E770B5FA
:1043D00004460D4600BF94F83C00012801D102209C
:1043E00070BD012084F83C0000BF022084F83D002D
:1043F00029462046FFF75CFF48B1012084F83D00C4
:1044000000BF002084F83C0000BF0120E8E72068DE
:10441000C06840F040002168C8602068C06820F48F
:1044200080402168C860012084F83D0000BF002062
:1044300084F83C0000BF00BFD2E70246002031B143
:10444000042907D0082908D00C290CD108E01368EA
:10445000586B09E01368986B06E01368D86B03E0AB
:104460001368186C00E000BF00BF7047014691F868
:104470003D007047014691F83D007047014691F8B4
:104480003D007047014691F83D007047014691F8A4
:104490003D007047014691F83D0070470146087F96
:1044A0007047024611B992F83E300BE0042902D160
:1044B0003F239B5C06E0082902D140239B5C01E07E
:1044C00041239B5C18467047014691F846007047AF
:1044D000704730B587B004460D4614B9012007B0C7
:1044E00030BD94F83D0028B9002084F83C002046F7
:1044F000FFF7EEFF022084F83D00211D2068FCF745
:10450000AFFAAB68296803222068FFF7FEF820683D
:10451000806920F00C0021688861206880696968E2
:104520000843216888612068406840F08000216865
:1045300048602068806820F07000216888602068EA
:10454000806840F04000216888602068806820F022
:104550000700216888602068806840F004002168B6
:104560008860002004900590702000900020069044
:1045700003900290E868019069462068FEF7D7FF33
:104580002068406820F0700021684860206840681A
:1045900040F0500021684860012084F8460084F80B
:1045A0003E0001213F200155012084F842004320B4
:1045B0000155012084F83D00002090E7704710B5B8
:1045C0000446022084F83D0000BF2068006A41F2E2
:1045D0001111084050B92068006A8910084028B9B4
:1045E0002068006820F001002168086000BF2046B4
:1045F000FFF7E4FF002084F8460084F83E00002125
:104600003F200155002084F842004320015500203E
:1046100084F83D0000BF84F83C0000BF10BD2DE9C8
:10462000F047044694F83E603F20075D94F84280CE
:10463000432010F80490012E07D1012F05D1B8F1C5
:10464000010F02D1B9F1010F02D00120BDE8F087BE
:10465000022084F83E0002213F200155022084F808
:10466000420043200155012200212068FCF7ABFCE9
:10467000FE492068884213D02068B0F1804F0FD0E7
:10468000FB49206888420BD0FA492068884207D04D
:10469000F9492068884203D0F849206888420CD143
:1046A0002068806800F00705062D0CD0206800689F
:1046B00040F001002168086005E02068006840F0D3
:1046C0000100216808600020C0E710B50446002200
:1046D00011462068FCF777FC00BF2068006A41F2B1
:1046E0001111084050B92068006A8910084028B9A3
:1046F0002068006820F001002168086000BF0120E8
:1047000084F83E0001213F200155012084F8420039
:1047100043200155002010BD2DE9F047044694F8D0
:104720003E603F20075D94F84280432010F80490DB
:10473000012E07D1012F05D1B8F1010F02D1B9F136
:10474000010F02D00120BDE8F087022084F83E006E
:1047500002213F200155022084F8420043200155E8
:104760002068C06840F002002168C8600122002172
:104770002068FCF728FCBD492068884213D02068D7
:10478000B0F1804F0FD0BA49206888420BD0B949A8
:104790002068884207D0B8492068884203D0B749CA
:1047A000206888420CD12068806800F00705062D3B
:1047B0000CD02068006840F001002168086005E026
:1047C0002068006840F00100216808600020BAE716
:1047D00010B50446002211462068FCF7F4FB20685F
:1047E000C06820F002002168C86000BF2068006A2D
:1047F00041F21111084050B92068006A8910084040
:1048000028B92068006820F001002168086000BF16
:10481000012084F83E0001213F200155012084F849
:10482000420043200155002010BD2DE9F047044609
:104830000D46164694F83E8094F84290B8F1020F67
:1048400002D0B9F1020F02D10220BDE8F087B8F121
:10485000010F0CD1B9F1010F09D105B10EB9012039
:10486000F3E7022084F83E0084F8420001E00120D2
:10487000EBE7012200212068FCF7A5FB8049606A74
:10488000C1638049606A01647F49606AC1642268CB
:1048900002F1340133462A46606A02F058F908B141
:1048A0000120D2E72068C06840F400702168C86029
:1048B0006E492068884213D02068B0F1804F0FD035
:1048C0006B49206888420BD06A492068884207D02B
:1048D00069492068884203D06849206888420CD121
:1048E0002068806800F00707062F0CD02068006859
:1048F00040F001002168086005E02068006840F091
:1049000001002168086000209FE710B504460022DE
:1049100011462068FCF757FB2068C06820F400703F
:104920002168C860606A02F0B5F900BF2068006ABB
:1049300041F21111084050B92068006A89100840FE
:1049400028B92068006820F001002168086000BFD5
:10495000012084F83E0084F84200002010BD30B5EC
:1049600001F00F05042404FA05F3046A9C43046271
:10497000046A01F00F0502FA05F52C43046230BD0C
:1049800070B504460D4615B994F842000BE0042DAD
:1049900002D14320005D06E0082D02D14420005DD5
:1049A00001E04520005D012801D0012070BD1DB946
:1049B000022084F842000EE0042D03D1022143209E
:1049C000015508E0082D03D102214420015502E0E1
:1049D000022145200155042229462068FFF7BFFF28
:1049E0002068406C40F40040216848641F492068FA
:1049F000884213D02068B0F1804F0FD01C49206846
:104A000088420BD01B492068884207D01A49206889
:104A1000884203D01949206888420CD120688068F8
:104A200000F00706062E0CD02068006840F0010058
:104A30002168086005E02068006840F001002168F6
:104A400008600020B2E770B504460D4600222946F2
:104A50002068FFF784FF00BF2068006A41F211114F
:104A60000840D8B92068006A89100FE000000140B2
:104A70000004004000080040000C004000400140DD
:104A800021240008DF2300082B0D0008084028B966
:104A90002068406C20F400402168486400BF00BFDB
:104AA0002068006A41F21111084050B92068006A7C
:104AB0008910084028B92068006820F001002168AA
:104AC000086000BF1DB9012084F842000EE0042DEB
:104AD00003D101214320015508E0082D03D1012114
:104AE0004420015502E0012145200155002070BD00
:104AF0002DE9F04104460D46002615B994F8420010
:104B00000BE0042D02D14320005D06E0082D02D108
:104B10004420005D01E04520005D012802D0012015
:104B2000BDE8F0811DB9022084F842000EE0042D9A
:104B300003D102214320015508E0082D03D10221B1
:104B40004420015502E002214520015525B1042DE4
:104B500009D0082D15D10DE02068C06840F0020092
:104B60002168C8600FE02068C06840F00400216838
:104B7000C86008E02068C06840F008002168C8608C
:104B800001E0012600BF00BFA6BB2068C06840F05E
:104B900080002168C860042229462068FFF7DFFEF4
:104BA0002068406C40F4004021684864F94920685E
:104BB000884213D02068B0F1804F0FD0F6492068AA
:104BC00088420BD0F5492068884207D0F449206814
:104BD000884203D0F349206888420CD1206880685D
:104BE00000F00707062F0CD02068006840F0010095
:104BF0002168086005E02068006840F00100216835
:104C0000086030468CE72DE9F04104460D46002649
:104C100025B1042D09D0082D15D10DE02068C068FC
:104C200020F002002168C8600FE02068C06820F012
:104C300004002168C86008E02068C06820F008000F
:104C40002168C86001E0012600BF00BF002E4AD1E4
:104C5000002229462068FFF782FE2068076A40F29A
:104C60004440384028B92068C06820F0800021689E
:104C7000C86000BF2068006A41F21111084050B9B5
:104C80002068006A8910084028B92068406C20F428
:104C900000402168486400BF00BF2068006A41F2FC
:104CA0001111084050B92068006A8910084028B9DD
:104CB0002068006820F001002168086000BF1DB96D
:104CC000012084F842000EE0042D03D1012143208D
:104CD000015508E0082D03D101214420015502E0CF
:104CE0000121452001553046BDE8F08170B50546EB
:104CF000AC6B606AA84204D10120207784F842009E
:104D000010E0A06AA84205D10220207701214320AB
:104D1000015507E0E06AA84204D104202077012170
:104D2000442001552046FBF7FFFF0020207770BD8F
:104D300070B50546AC6B606AA84207D101202077A8
:104D4000E869C0B9012084F8420014E0A06AA842D2
:104D500007D102202077E86968B901214320015575
:104D600009E0E06AA84206D104202077E86910B97A
:104D70000121442001552046FCF718FB0020207734
:104D800070BD2DE9F04704460D4616461F464FF00C
:104D9000000815B994F842000BE0042D02D143201D
:104DA000005D06E0082D02D14420005D01E04520B1
:104DB000005D022801D1BDE8F08715B994F84200E2
:104DC0000BE0042D02D14320005D06E0082D02D146
:104DD0004420005D01E04520005D012818D106B1A6
:104DE0000FB90120E7E71DB9022084F8420011E065
:104DF000042D03D10221432001550BE0082D03D1DE
:104E000002214420015505E002214520015501E021
:104E10000120D0E725B1042D1DD0082D51D135E05A
:104E20006149606AC1636149606A01646049606A9E
:104E3000C164216801F134023B463146606A01F0E9
:104E400086FE08B10120B6E72068C06840F4007013
:104E50002168C86038E05449A06AC1635349A06A18
:104E600001645349A06AC164216801F138023B46DC
:104E70003146A06A01F06BFE08B101209BE7206873
:104E8000C06840F480602168C8601DE04649E06A5F
:104E9000C1634649E06A01644549E06AC16421682A
:104EA00001F13C023B463146E06A01F050FE08B198
:104EB000012080E72068C06840F400602168C86075
:104EC00002E04FF0010800BF00BFB8F1000F36D17B
:104ED000042229462068FFF742FD2068406C40F418
:104EE0000040216848642B492068884213D020681C
:104EF000B0F1804F0FD02849206888420BD0274955
:104F00002068884207D026492068884203D0254976
:104F1000206888420DD12068806800F00709B9F147
:104F2000060F0CD02068006840F00100216808607E
:104F300005E02068006840F00100216808604046F4
:104F400039E770B504460D46002625B1042D0CD076
:104F5000082D2FD113E02068C06820F4007021686C
:104F6000C860606A01F096FE26E02068C06820F400
:104F700080602168C860A06A01F08CFE1CE0206897
:104F8000C06820F400602168C860E06A01F082FE19
:104F900012E0000000000140000400400008004052
:104FA000000C004000400140314D00086D13000826
:104FB000ED4C0008012600BF00BF002E3ED10022AC
:104FC00029462068FFF7CBFC00BF2068006A41F249
:104FD0001111084050B92068006A8910084028B9AA
:104FE0002068406C20F400402168486400BF00BF86
:104FF0002068006A41F21111084050B92068006A27
:105000008910084028B92068006820F00100216854
:10501000086000BF1DB9012084F842000EE0042D95
:1050200003D101214320015508E0082D03D10121BE
:105030004420015502E0012145200155304670BD54
:1050400070B504460D4615B994F842000BE0042DE6
:1050500002D14320005D06E0082D02D14420005D0E
:1050600001E04520005D012801D0012070BD1DB97F
:10507000022084F842000EE0042D03D102214320D7
:10508000015508E0082D03D102214420015502E01A
:10509000022145200155042229462068FFF75FFCC4
:1050A0002068406C40F4004021684864F949206859
:1050B000884213D02068B0F1804F0FD0F6492068A5
:1050C00088420BD0F5492068884207D0F44920680F
:1050D000884203D0F349206888420CD12068806858
:1050E00000F00706062E0CD02068006840F0010092
:1050F0002168086005E02068006840F00100216830
:1051000008600020B2E770B504460D46002229462B
:105110002068FFF724FC00BF2068006A41F21111EB
:10512000084050B92068006A8910084028B92068F2
:10513000406C20F400402168486400BF00BF206834
:10514000006A41F21111084050B92068006A8910C4
:10515000084028B92068006820F001002168086034
:1051600000BF1DB9012084F842000EE0042D03D1D8
:1051700001214320015508E0082D03D101214420DD
:10518000015502E0012145200155002070BD2DE9A7
:10519000F04104460D46002615B994F842000BE094
:1051A000042D02D14320005D06E0082D02D14420E9
:1051B000005D01E04520005D012802D00120BDE82E
:1051C000F0811DB9022084F842000EE0042D03D1C5
:1051D00002214320015508E0082D03D1022144207B
:1051E000015502E002214520015525B1042D09D0C9
:1051F000082D15D10DE02068C06840F0020021683C
:10520000C8600FE02068C06840F004002168C860F2
:1052100008E02068C06840F008002168C86001E02C
:10522000012600BF00BFA6BB2068C06840F0800018
:105230002168C860042229462068FFF790FB206897
:10524000406C40F4004021684864924920688842DC
:1052500013D02068B0F1804F0FD08F49206888426A
:105260000BD08E492068884207D08D49206888423B
:1052700003D08C49206888420CD12068806800F0F7
:105280000707062F0CD02068006840F00100216855
:10529000086005E02068006840F0010021680860AF
:1052A00030468CE72DE9F04104460D46002625B135
:1052B000042D09D0082D15D10DE02068C06820F01C
:1052C00002002168C8600FE02068C06820F0040078
:1052D0002168C86008E02068C06820F008002168E4
:1052E000C86001E0012600BF00BF002E4AD10022A5
:1052F00029462068FFF733FB2068076A40F24440E4
:10530000384028B92068C06820F080002168C86053
:1053100000BF2068006A41F21111084050B92068AE
:10532000006A8910084028B92068406C20F40040C9
:105330002168486400BF00BF2068006A41F2111173
:10534000084050B92068006A8910084028B92068D0
:10535000006820F001002168086000BF1DB901202D
:1053600084F842000EE0042D03D1012143200155B1
:1053700008E0082D03D101214420015502E001215C
:10538000452001553046BDE8F0812DE9F04704463F
:105390000D4616461F464FF0000815B994F8420016
:1053A0000BE0042D02D14320005D06E0082D02D160
:1053B0004420005D01E04520005D022801D1BDE8E8
:1053C000F08715B994F842000BE0042D02D1432078
:1053D000005D06E0082D02D14420005D01E045207B
:1053E000005D012818D106B10FB90120E7E71DB90A
:1053F000022084F8420011E0042D03D10221432051
:1054000001550BE0082D03D102214420015505E090
:1054100002214520015501E00120D0E725B1042DEE
:105420001DD0082D61D145E01F49606AC1631F4945
:10543000606A01641E49606AC164216801F1340236
:105440003B463146606A01F082FB08B10120B6E7B5
:105450002068C06840F400702168C86048E01249C4
:10546000A06AC1631149A06A01641149A06AC164BC
:10547000216801F138023B463146A06A01F067FB22
:1054800008B101209BE72068C06840F48060216873
:10549000C8602DE00000014000040040000800400A
:1054A000000C004000400140314D00086D13000821
:1054B000ED4C0008FE49E06AC163FE49E06A016400
:1054C000FD49E06AC164216801F13C023B46314676
:1054D000E06A01F03CFB08B1012070E72068C06879
:1054E00040F400602168C86002E04FF0010800BF8E
:1054F00000BFB8F1000F36D1042229462068FFF71B
:105500002EFA2068406C40F4004021684864EB4962
:105510002068884213D02068B0F1804F0FD0E8494E
:10552000206888420BD0E7492068884207D0E649C6
:105530002068884203D0E549206888420DD1206860
:10554000806800F00709B9F1060F0CD020680068E8
:1055500040F001002168086005E02068006840F024
:10556000010021680860404629E770B504460D46F1
:10557000002625B1042D0CD0082D1ED113E0206883
:10558000C06820F400702168C860606A01F082FB86
:1055900015E02068C06820F480602168C860A06AB7
:1055A00001F078FB0BE02068C06820F400602168FF
:1055B000C860E06A01F06EFB01E0012600BF00BF99
:1055C000002E3ED1002229462068FFF7C8F900BF0F
:1055D0002068006A41F21111084050B92068006A41
:1055E0008910084028B92068406C20F400402168E8
:1055F000486400BF00BF2068006A41F211110840F2
:1056000050B92068006A8910084028B920680068ED
:1056100020F001002168086000BF1DB9012084F856
:1056200042000EE0042D03D101214320015508E082
:10563000082D03D101214420015502E0012145201C
:105640000155304670BD2DE9F04704460D460DB9B1
:10565000042000E00020824694F83E603F20075D71
:1056600094F8428094F84390012E07D1012F05D180
:10567000B8F1010F02D1B9F1010F02D00120BDE84C
:10568000F087022084F83E0002213F2001550220CD
:1056900084F8420043200155042229462068FFF780
:1056A0005EF9012251462068FBF78DFC2068406CB2
:1056B00040F40040216848640020E0E770B50446EB
:1056C0000D460DB9042000E00020064600222946C0
:1056D0002068FFF744F9002231462068FBF773FC8D
:1056E00000BF2068006A41F21111084050B92068DB
:1056F000006A8910084028B92068406C20F40040F6
:105700002168486400BF00BF2068006A41F211119F
:10571000084050B92068006A8910084028B92068FC
:10572000006820F001002168086000BF012084F8B3
:105730003E0001213F200155012084F84200432012
:105740000155002070BD2DE9F04704460D460DB906
:10575000042000E00020824694F83E603F20075D70
:1057600094F8428094F84390012E07D1012F05D17F
:10577000B8F1010F02D1B9F1010F02D00120BDE84B
:10578000F087022084F83E0002213F2001550220CC
:1057900084F84200432001552068C06840F00200B0
:1057A0002168C8602068C06840F004002168C860B3
:1057B000042229462068FFF7D2F8012251462068CA
:1057C000FBF701FC2068406C40F40040216848640D
:1057D0000020D4E770B504460D460DB9042000E062
:1057E000002006462068C06820F002002168C860DA
:1057F0002068C06820F004002168C86000222946A3
:105800002068FFF7ACF8002231462068FBF7DBFB8D
:1058100000BF2068006A41F21111084050B92068A9
:10582000006A8910084028B92068406C20F40040C4
:105830002168486400BF00BF2068006A41F211116E
:10584000084050B92068006A8910084028B92068CB
:10585000006820F001002168086000BF012084F882
:105860003E0001213F200155012084F842004320E1
:105870000155002070BD10B5034600BF93F83C00F1
:10588000012801D1022010BD012083F83C0000BF97
:1058900029B1102903D0202901D030291BD1186843
:1058A000806820F070001C68A060186880680FE0B5
:1058B000314D00086D130008ED4C00080000014058
:1058C0000004004000080040000C0040004001407F
:1058D00008431C68A0601868406840F001001C681C
:1058E00060601868406820F004001C6860601868F8
:1058F000406810431C6860601868C06820F0200091
:105900001C68E0601868C06820F400501C68E06003
:1059100000BF002083F83C0000BF00BFB3E710B514
:10592000034600BF93F83C00012801D1022010BDBE
:10593000012083F83C0000BF29B1102903D02029A1
:1059400001D030290AD11868806820F070001C68E6
:10595000A0601868806808431C68A06018684068E8
:1059600040F001001C6860601868406820F0040086
:105970001C6860601868406810431C6860601868A4
:10598000C06820F400501C68E0601868C06840F0EF
:1059900020001C68E06000BF002083F83C0000BFCE
:1059A00000BFC4E7704770B50446A56B012085F8B9
:1059B0003D002846FFF7F6FF70BD704770B50446FE
:1059C000A56B012085F83D002846FFF7F6FF70BD66
:1059D00010B5034600BF93F83C00012801D1022016
:1059E00010BD012083F83C0000BF29B1102903D06D
:1059F000202901D030290AD11868806820F0700071
:105A00001C68A0601868806808431C68A06018685B
:105A1000406840F001001C6860601868406820F031
:105A200004001C6860601868406810431C6860606F
:105A3000AFF27704586BC463AFF29504586B0464FB
:105A40005F4C586BC4641868C06820F020001C6864
:105A5000E0601868C06840F400501C68E06000BF57
:105A6000002083F83C0000BF00BFB9E730B5024614
:105A70000B4600BF92F83C00012801D1022030BD46
:105A8000012082F83C0000BF022082F83D0010682F
:105A900044681068816824F0700418680443106832
:105AA0004460484D1068A84213D01068B0F1804F90
:105AB0000FD0454D1068A8420BD0444D1068A84245
:105AC00007D0434D1068A84203D0424D1068A84249
:105AD00005D121F0800158680143106881600120E0
:105AE00082F83D0000BF002082F83C0000BF00BFEC
:105AF000C5E710B50346002200BF93F83C0001281B
:105B000001D1022010BD012083F83C0000BF22F02B
:105B1000FF00CC6840EA040222F440708C6840EA3E
:105B2000040222F480604C6840EA040222F400601F
:105B30000C6840EA040222F480500C6940EA040236
:105B400022F400504C6940EA040222F48040CC69FF
:105B500040EA04021868426400BF002083F83C0059
:105B600000BF00BFCEE7024600BF92F83C0001280C
:105B700001D102207047012082F83C0000BF10686C
:105B8000016500BF002082F83C0000BF00BFF1E7C4
:105B90007047014691F83D007047024611B992F8EE
:105BA00042300BE0042902D143239B5C06E0082924
:105BB00002D144239B5C01E045239B5C184670475F
:105BC0002B0D0008000001400004004000080040C8
:105BD000000C00400040014000207047F8B504462A
:105BE0000CB90120F8BD207800F00100002874D025
:105BF000F948006800F00C0004280DD0F648006851
:105C000000F00C00082813D1F348001F006800F4CE
:105C10008000B0F5800F0BD1EF4808380068C0F362
:105C20004040002859D06068002856D10120D9E7AB
:105C300000BF6068B0F5803F08D1E74808380068C9
:105C400040F48030E449083908601EE06068B0F52F
:105C5000A02F0DD1E0480838006840F48020DE49CC
:105C6000083908600846006840F4803008600CE09D
:105C7000D9480838006820F48030D74908390860CE
:105C80000846006820F48020086000BF606890B17A
:105C900001F096FC054606E001F092FC401B6428EA
:105CA00001D903209EE7CC4808380068C0F3404083
:105CB0000028F1D011E001F083FC054606E001F078
:105CC0007FFC401B642801D903208BE7C2480838B9
:105CD0000068C0F340400028F1D1207800F00200B5
:105CE00002285FD1BC48006800F00C0058B1BA48E7
:105CF000006800F00C0008281CD1B748001F00689D
:105D000000F48000B0B9B44808380068C0F340001F
:105D100020B1E068012801D0012063E7AE480838CF
:105D2000006820F0F800216940EAC100AA4908395A
:105D3000086037E0E06800B30120A849086001F07E
:105D40003FFC054606E001F03BFC401B022801D960
:105D5000032047E7A04808380068C0F34000002847
:105D6000F1D09D480838006820F0F800216940EA29
:105D7000C10099490839086014E00020974908607B
:105D800001F01EFC054606E001F01AFC401B02284B
:105D900001D9032026E7904808380068C0F3400086
:105DA0000028F1D1207800F0080008282CD1606983
:105DB000A8B101208A49086001F002FC054606E00E
:105DC00001F0FEFB401B022801D903200AE78248AC
:105DD0006C300068C0F340000028F1D014E00020CF
:105DE0007F49086001F0ECFB054606E001F0E8FBA6
:105DF000401B022801D90320F4E677486C30006884
:105E0000C0F340000028F1D1207800F004000428FD
:105E100070D1002770483830006800F0805090B989
:105E200000BF002000906C483830006840F080507F
:105E30006949383108600846006800F080500090D9
:105E400000BF00BF01276748006800F48070B0B948
:105E50006448006840F480706249086001F0B0FB5B
:105E6000054606E001F0ACFB401B022801D90320E7
:105E7000B8E65C48006800F480700028F2D000BFEB
:105E8000A068012808D154486830006840F001003B
:105E90005149683108601DE0A06805280DD14E48C1
:105EA0006830006840F004004B49683108600846DB
:105EB000006840F0010008600CE047486830006866
:105EC00020F001004449683108600846006820F06D
:105ED0000400086000BFA068A8B101F071FB05468E
:105EE00009E001F06DFB401B41F28831884202D984
:105EF000032077E626E0384868300068C0F34000A9
:105F00000028EED013E001F05BFB054608E001F04D
:105F100057FB401B41F28831884201D9032061E6DA
:105F20002D4868300068C0F340000028EFD1012FF1
:105F300007D129483830006820F080502649383190
:105F4000086000BFA069002845D02348006800F021
:105F50000C0008285DD0A069022845D100201F4907
:105F6000086601F02DFB054606E001F029FB401B09
:105F7000022801D9032035E6174808380068C0F325
:105F800040600028F1D1D4E907010843616A40EA82
:105F900081110122A06AC2EB500041EA00412C208D
:105FA000005D41EA00600C49091F086001200B49AF
:105FB000086601F005FB054606E001F001FB401B09
:105FC000022801D903200DE6034808380068C0F311
:105FD00040600028F1D049E0083802400000474204
:105FE000800E4742007000400020F849086601F02A
:105FF000E7FA054606E001F0E3FA401B022801D962
:106000000320EFE5F2480068C0F340600028F2D1B9
:106010002CE0A069012800D1E4E5ED48001D0668E8
:10602000A069012820D006F48001E06981421BD1DB
:1060300006F03F01206A814216D147F6C070304019
:10604000616AB0EB811F0FD106F440310122A06AD2
:10605000C2EB5000B1EB004F06D106F070612C206E
:10606000005DB1EB006F01D00120BBE50020B9E578
:106070002DE9F047002400250026A146D448083029
:10608000006800F00C0020B1042805D008283AD19F
:1060900005E0DFF8409339E0DFF83C9336E0CC4888
:1060A000001D006800F03F04C948001D006800F4AE
:1060B000800078B1C848C649091D0968C1F3881134
:1060C000A0FB0170014622460023384608F07AFB07
:1060D00005460EE0BF48BE49091D0968C1F3881195
:1060E000A0FB0170014622460023384608F06AFBF7
:1060F0000546B748001D0068C0F30140401C46003B
:10610000B5FBF6F902E0DFF8CC9200BF00BF4846CD
:10611000BDE8F08770B504460D460CB9012070BD8E
:10612000AE48006800F00700A84209D2AB490D70E4
:106130000846006800F00700A84201D00120EEE701
:10614000207800F00200022823D1207800F004001B
:10615000042807D19E480830006840F4E0509C496C
:1061600008310860207800F00800082807D1984816
:106170000830006840F46040954908310860944850
:106180000830006820F0F000A16808439049083109
:106190000860207800F00100A0B36068012806D1F3
:1061A0008B480068C0F34040A8B90120B7E7606899
:1061B000022802D06068032806D185480068C0F331
:1061C000406040B90120AAE781480068C0F3400060
:1061D00008B90120A3E77E480830006820F00300DA
:1061E000616808437A490831086001F0E9F9064618
:1061F00009E001F0E5F9801B41F28831884202D9BB
:1062000003208CE708E072480830006800F00C00BA
:106210006168B0EB810FECD17048006800F00700B6
:10622000A84209D96D490D700846006800F00700C2
:10623000A84201D0012072E7207800F00400042871
:1062400009D163480830006820F4E050E168084351
:106250005F4908310860207800F0080008280AD15A
:106260005B480830006820F46040216940EAC100C2
:10627000574908310860FFF7FBFE554908310968A6
:10628000C1F30311564A515CC8405649086056484C
:106290000068FAF783FB002041E770B586B0064638
:1062A0000C46154656BB00BF0020009048483030D1
:1062B000006840F001004649303108600846006837
:1062C00000F00100009000BF00BF8815019002207F
:1062D00002900320049000200390059001A94348F8
:1062E00000F01EF93A480830006820F0EC6044EAFB
:1062F0000501084336490831086029E000BF002045
:10630000009033483030006840F0040030493031AC
:1063100008600846006800F00400009000BF00BF5D
:106320004815019002200290032004900020039061
:10633000059001A92E4800F0F3F8254808300068C0
:1063400020F0784044EAC50108432149083108603B
:1063500006B070BD01201D49C864704700201B496C
:10636000C86470471F480068704700B5FFF7FAFF20
:10637000174908310968C1F382211E4A515CC8409F
:1063800000BD00B5FFF7EEFF114908310968C1F300
:106390004231184A515CC84000BD0F2101600C49D0
:1063A000096801F48021B1F5802F03D14FF4A021B9
:1063B000416023E00649096801F48031B1F5803F6E
:1063C0001AD14FF48031416018E0000000004742CC
:1063D000003802400024F40040787D01003C024077
:1063E00004EB0008200000201800002000000240FC
:1063F0000008024014EB000800214160464909688A
:1064000001F0010111B10121C16001E00021C16071
:1064100041490968C1F3C40101613F49703109680C
:1064200001F00401042902D1052181600AE03A4902
:106430007031096801F0010111B10121816001E0B1
:106440000021816034497431096801F0010111B102
:106450000121416101E0002141612F49096801F0FA
:106460008071B1F1807F02D10221816101E00121BF
:1064700081612949091D096801F48002C261264928
:10648000091D096801F03F0202622349091D0968DC
:10649000C1F3881242622049091D096801F44031A4
:1064A00001F58031CA0B82621B49091D0968C1F3DD
:1064B0000362C26270470F220260174A08321268F4
:1064C00002F003024260144A0832126802F0F0023D
:1064D0008260114A0832126802F4E052C2600E4A29
:1064E0000832126802F46042D20802610B4A126854
:1064F00002F007020A607047704710B506480C307A
:10650000006800F08000802805D1FFF7F5FF8020AB
:1065100001490E31087010BD00380240003C0240B5
:10652000F8B502460B460025002400200021C7E0F4
:10653000012606FA01F51E6806EA0504AC4274D18C
:106540001E7906F00306012E04D01E7906F003061C
:10655000022E13D190684F000326BE40B0434F0077
:10656000DE68BE4030439060506801268E40B043E4
:106570001E79C6F300168E40304350601E7906F037
:106580000306032E09D0D0684F000326BE40B04357
:106590004F009E68BE403043D0601E7906F003066F
:1065A000022E13D1CF0802F1200656F827004E071D
:1065B000F70E0F26BE40B0434F07FF0E1E69BE40C8
:1065C0003043CF0802F1200646F8270010684F003C
:1065D0000326BE40B0431E7906F003064F00BE40BE
:1065E000304310605E6806F44036002E67D000BF6E
:1065F000002600969D4E366846F480469B4F3E60CE
:106600003E46366806F48046009600BF00BF984EAE
:106610008F0856F827008E07370F0F26BE40B0436D
:10662000944EB24202D1002615E048E0924EB242AA
:1066300001D101260FE0914EB24201D102260AE0BB
:106640008F4EB24201D1032605E08E4EB24201D1F7
:10665000042600E007268F073F0FBE403043844EDC
:106660008F0846F82700884E3068A0435E6806F41D
:10667000801606B12043844E3060361D3068A0433A
:106680005E6806F4001606B120437F4E361D30606A
:106690007D4E361F3068A0435E6806F4003606B1B2
:1066A0002043794E361F3060361F3068A0435E6845
:1066B00006F4803606B12043734E083E3060491C14
:1066C0001029FFF435AFF8BDF0B50C4600250022C7
:1066D0000023002187E0012606FA01F504EA0502FD
:1066E000AA427FD1624E8F0856F827308E07370FA7
:1066F0000F26BE4033405F4EB04201D1002614E069
:106700005D4EB04201D101260FE05C4EB04201D196
:1067100002260AE05A4EB04201D1032605E0594E46
:10672000B04201D1042600E007268F073F0FBE408C
:106730009E4226D1544E083E36689643524F083F3B
:106740003E603E1D366896433F1D3E604E4E361DF0
:10675000366896434C4F3F1D3E603E1F3668964359
:106760003F1F3E608E07370F0F2606FA07F3404E95
:106770008F0856F827609E433D4F4FEA910C47F82B
:106780002C6006684FEA410C032707FA0CF7BE435A
:106790000660CF0800F1200656F827604F074FEA41
:1067A000D76C0F2707FA0CF7BE434FEAD10C00F164
:1067B000200747F82C60C6684FEA410C032707FA08
:1067C0000CF7BE43C660466801278F40BE43466053
:1067D00086684FEA410C032707FA0CF7BE4300E036
:1067E00000E08660491C1029FFF475AFF0BD024639
:1067F00013690B400BB1012000E0002070470AB183
:10680000816101E00B048361704710B5426921EAA0
:10681000020302EA010443EA0443836110BD08B5A0
:1068200002464FF480300090009808430090009892
:10683000D061D1610098D061D0690090D06900F436
:10684000803008B1002008BD0120FCE7704710B57A
:1068500004460D480C300068204028B10A480C302E
:1068600004602046FFF7F2FF10BD000044380240EC
:1068700008380140000002400004024000080240C5
:10688000000C024000100240083C0140014608781C
:1068900010381823B0FBF3F2FC48805CC865032A6B
:1068A00005D908686FF30900001D886503E00868D2
:1068B0006FF309008865886D7047014600208A6A79
:1068C0008B69CBB932B1012A0DD0022A03D0032A39
:1068D00010D10EE000BFCB6A03F08073B3F1807F6C
:1068E00000D1012007E0CB6AB3F1C07F00D10120C5
:1068F00001E000E000BF34E08B69B3F5005F1AD11E
:1069000032B1012A07D0022A03D0032A11D10AE0AA
:1069100000BF01200EE0CB6A03F08073B3F1807FEB
:1069200000D1012006E0CB6AB3F1C07F00D1012085
:1069300000E000BF15E032B1012A05D0022A04D0E0
:10694000032A0CD103E000BF00BF012008E0CB6A9E
:1069500003F08073B3F1807F00D1012000E000BF1D
:1069600000BF70472DE9F0410446002500F028FEE5
:10697000074614B90120BDE8F081606A00B100BF8C
:10698000022084F8350000BF002084F8340000BFE6
:106990002068006820F00100216808600AE000F02B
:1069A0000FFEC01B052805D920206065032084F850
:1069B0003500E0E72068006800F001000028EED113
:1069C00020680568B2480540D4E901010843E16840
:1069D00008432169084361690843A1690843E169E3
:1069E0000843216A08430543606A042803D1D4E9B7
:1069F0000B0108430543206805602068456925F0C0
:106A00000705606A0543606A04280DD1A06A054342
:106A1000E06A48B12046FFF750FF28B1402060658A
:106A2000012084F83500A6E7206845612046FFF77D
:106A30002DFF064694F85C103F208840B06000208F
:106A40006065012084F83500002094E770B50446A5
:106A50000CB9012070BD94F83500022800D1F9E787
:106A60002068006820F0010021680860002021688B
:106A7000086021684860216888602168C8602168D2
:106A800008612120216848612046FFF7FFFE054686
:106A90000020E06320646064A064E064206594F8F2
:106AA0005C103F208840A8600020606584F83500B5
:106AB00000BF84F8340000BF00BFCBE730B50468E6
:106AC000246824F4802405682C600468636084686A
:106AD000402C04D10468A2600468E16003E004680B
:106AE000A1600468E26030BD2DE9F04104460D4626
:106AF00016461F464FF0000800BF94F834000128E6
:106B000002D10220BDE8F081012084F8340000BFEA
:106B100094F83500012811D1022084F835000020B6
:106B200060653B46324629462046FFF7C7FF20688E
:106B3000006840F001002168086006E000BF002006
:106B400084F8340000BF4FF002084046DAE72DE930
:106B5000F04704460D4616461F464FF00008D4F88D
:106B6000589000BF94F83400012802D10220BDE8FB
:106B7000F087012084F8340000BF94F83500012824
:106B800025D1022084F83500002060653B4632465E
:106B900029462046FFF792FF94F85C103F2088407A
:106BA000C9F808002068006840F0160021680860F5
:106BB000206C28B12068006840F008002168086057
:106BC0002068006840F001002168086006E000BF0E
:106BD000002084F8340000BF4FF002084046C6E7AA
:106BE00070B50446A56D00F0EBFC064694F8350040
:106BF000022808D08020606500BF002084F834009F
:106C000000BF012070BD2068006820F016002168D8
:106C100008602068406920F0800021684861206C8D
:106C200008B9A06C28B12068006820F0080021682D
:106C300008602068006820F001002168086010E00A
:106C400000F0BEFC801B05280BD9202060650320C6
:106C500084F8350000BF002084F8340000BF032012
:106C6000D0E72068006800F001000028E8D194F81F
:106C70005C103F208840A860012084F8350000BFE8
:106C8000002084F8340000BF00BFBBE7FCEA000826
:106C90003F8010F0014691F83500022803D0802093
:106CA000486501207047052081F8350008680068B4
:106CB00020F001000A6810600020F3E72DE9F05F82
:106CC0000446884617464FF0000A00F079FC8346D8
:106CD00094F83500022809D08020606500BF0020AC
:106CE00084F8340000BF0120BDE8F09F20680068F0
:106CF00000F4807020B14FF4807060650120F3E7EC
:106D0000B8F1000F05D194F85C10202000FA01F9C9
:106D100004E094F85C10102000FA01F9A56D2E68CB
:106D200042E0781C90B12FB100F04AFCA0EB0B00C0
:106D3000B8420BD920206065012084F8350000BFDF
:106D4000002084F8340000BF0320CDE72E6894F8BB
:106D50005C1008208840304040B1606D40F0010078
:106D6000606594F85C1008208840A86094F85C1076
:106D700001208840304040B1606D40F00200606505
:106D800094F85C1001208840A86094F85C100420FE
:106D90008840304040B1606D40F00400606594F878
:106DA0005C1004208840A86006EA090020B9606DE4
:106DB00000F001000028B4D0606DA8B1606D00F053
:106DC000010088B12046FFF70BFF94F85C103020DB
:106DD0008840A860012084F8350000BF002084F8B6
:106DE000340000BF01207FE7B8F1000F0CD194F808
:106DF0005C1030208840A860012084F8350000BF76
:106E0000002084F8340004E094F85C1010208840DE
:106E1000A860504668E7F8B5044600200090C748CF
:106E200000684FF41651B0FBF1F7A56D2E6894F889
:106E30005C1008208840304098B12068006800F05D
:106E4000040070B12068006820F004002168086028
:106E500094F85C1008208840A860606D40F0010044
:106E6000606594F85C1001208840304068B120686B
:106E7000406900F0800040B194F85C100120884027
:106E8000A860606D40F00200606594F85C1004201A
:106E90008840304068B12068006800F0020040B1CE
:106EA00094F85C1004208840A860606D40F00400F5
:106EB000606594F85C1010208840304078B32068FA
:106EC000006800F0080050B394F85C10102088406F
:106ED000A8602068006800F4802080B12068006805
:106EE00000F4002028B9206CC8B12046216C8847E6
:106EF00015E0A06C98B12046A16C88470FE020688F
:106F0000006800F4807028B92068006820F008004C
:106F100021680860206C10B12046216C884794F8E5
:106F20005C10202088403040002865D02068006830
:106F300000F0100000285FD094F85C1020208840FA
:106F4000A86094F83500052828D12068006820F052
:106F50001600216808602068406920F080002168E0
:106F60004861206C08B9A06C28B12068006820F046
:106F700008002168086094F85C103F208840A860F1
:106F8000012084F8350000BF002084F8340000BFE1
:106F9000206D10B12046216D8847F8BD206800683B
:106FA00000F4802080B12068006800F4002028B937
:106FB000606C10B12046616C88471DE0E06BD8B171
:106FC0002046E16B884717E02068006800F4807075
:106FD00068B92068006820F010002168086001206E
:106FE00084F8350000BF002084F8340000BFE06B57
:106FF00010B12046E16B8847606D38B3606D00F0DA
:107000000100F0B1052084F835002068006820F008
:1070100001002168086000BF0098401C0090B84241
:1070200000D905E02068006800F001000028F3D1D5
:1070300000BF012084F8350000BF002084F8340030
:1070400000BFE06C10B12046E16C884700BFA4E7A8
:1070500010B50346002400BF93F83400012801D185
:10706000022010BD012083F8340000BF93F83500E2
:10707000012815D1062910D2DFE801F00305070920
:107080000B0DDA630BE01A6409E05A6407E09A64B6
:1070900005E0DA6403E01A6501E0012400BF00E0C6
:1070A000012400BF002083F8340000BF2046D8E749
:1070B0000246002300BF92F83400012801D10220CB
:1070C0007047012082F8340000BF92F83500012893
:1070D00024D107291FD2DFE801F004070A0D10139D
:1070E00016000020D06318E00020106415E0002096
:1070F000506412E0002090640FE00020D0640CE0A7
:107100000020106509E00020D06310645064906492
:10711000D064106501E0012300BF00E0012300BF3F
:10712000002082F8340000BF1846C9E7014691F8F4
:10713000350070470146486D704700002000002070
:1071400010B5002804DB0A07130EE64A135406E0C4
:107150000A07140EE44A00F00F031B1FD45410BD9D
:1071600000BF00F00702E04B0C3B19684FF6FF032D
:107170001940DE4B0B4343EA0221DB4B0C3B196009
:1071800000BF70472DE9F05F80460D461646002788
:1071900000F0A2F9074639462A46334601F00700B7
:1071A000C0F1070ABAF1040F02D94FF0040A01E056
:1071B000C0F1070AD14600F1040ABAF1070F02D262
:1071C0004FF0000A01E0A0F1030AD4464FF0010A93
:1071D0000AFA09FAAAF1010A0AEA020A0AFA0CFAF8
:1071E0004FF0010B0BFA0CFBABF1010B0BEA030B9D
:1071F0004AEA0B0421464046FFF7A2FFBDE8F09F94
:107200000146084600280DDB00BF00BF00F01F0349
:1072100001229A4043099B0003F1E023C3F80021B7
:1072200000BF00BF00BF704710B5014608460028E8
:107230000BDB00F01F0301229A40AD4B440943F8D9
:107240002420BFF34F8FBFF36F8F00BF10BD00BF6F
:10725000BFF34F8FA4480C38006800F4E060A349E6
:107260000843001DA0490C390860BFF34F8F00BFD1
:1072700000BF00BFFDE770B504462546681EB0F1AB
:10728000807F01D301200FE0681E4FF0E0214861AC
:107290000F214FF0FF30FFF753FF00204FF0E021A8
:1072A000886107200861002070BDBFF35F8F8E48A2
:1072B0000C30006820F480308B490C3108600020CD
:1072C00089497C310860704740F00101864A7C3270
:1072D000116085490C31096841F48031824A0C32D1
:1072E0001160BFF34F8FBFF36F8F70477E498031BE
:1072F00008607D498831096841F001017A4A883285
:107300001160704778498031086077498831096891
:1073100021F00101744A8832116070474178724A45
:107320008032116070498831096821F001016E4A8C
:1073300088321160121F41681160017B0907C27A0F
:1073400041EA0261827A41EAC241427B41EA8241DA
:10735000827B41EA4241C27B41EA0241427A41EAF0
:107360000221027A41EA4201027811435E4A8832E0
:107370001160704740BF20BF704710B500F0ACF8F7
:1073800010BD2DE9F04304462046002803DB554F8D
:107390003F5C3F0907E0544F00F00F0CACF1040CC8
:1073A00017F80C703F093D460E4606F00700C0F185
:1073B0000708B8F1040F02D94FF0040801E0C0F14A
:1073C0000708C44600F10408B8F1070F02D24FF0D5
:1073D000000801E0A0F10308474625FA07F84FF03E
:1073E000010909FA0CF9A9F1010908EA0908C2F82A
:1073F00000804FF0010808FA07F8A8F1010808EA30
:107400000508C3F8008000BFBDE8F08310B5014651
:107410000846002808DB00F01F0301229A40344B85
:107420008033440943F8242000BF10BD10B5014645
:10743000084600280EDB2E4A8032430952F82320EA
:1074400000F01F040123A3401A400AB1012202E008
:10745000002200E00022104610BD10B5014608468B
:10746000002807DB00F01F0301229A40214B44094A
:1074700043F8242000BF10BD10B50146084600287F
:107480000EDB1C4A8032430952F8232000F01F040F
:107490000123A3401A400AB1012202E0002200E0C9
:1074A0000022104610BD042808D14FF0E0210969E0
:1074B00041F004014FF0E022116107E04FF0E021BC
:1074C000096921F004014FF0E02211617047704713
:1074D00010B5FFF7FCFF10BD03480C380068C0F37F
:1074E0000220704700E400E018ED00E00000FA051B
:1074F00080E100E080E200E0704770B50446754826
:1075000000784FF47A71B1FBF0F073490968B1FB70
:10751000F0F52846FFF7AFFE08B1012070BD102C32
:1075200007D200222146501EFFF72CFE6B48046054
:1075300001E00120F2E70020F0E710B5684800689C
:1075400040F40070664908600846006840F48060B6
:1075500008600846006840F4807008600320FFF768
:10756000FFFD0F20F9F71AFAF9F7EEF9002010BD28
:10757000704710B55B485C490860002008605B48B4
:10758000091D0860002008605948574910390860F3
:10759000002008608020091D086000200860401E4F
:1075A000091D086000200860FFF7E2FF002010BD01
:1075B000504800684749097808444E4908607047B8
:1075C0004C480068704745480068704770B50446ED
:1075D000002540480078A0420AD03E480678047052
:1075E0003E480068F9F7DAF905460DB139480670EA
:1075F000284670BD37480078704770B50446FFF7DD
:10760000DFFF06462546681C10B132480078054465
:1076100000BFFFF7D5FF801BA842FAD370BD4FF023
:10762000E020006920F002004FF0E021086170477F
:107630004FF0E020006940F002004FF0E0210861C7
:1076400070472D4870472D480068000C70472B4844
:107650000068C0F30B0070472848406840F0010004
:107660002649486070472548406820F001002349BA
:10767000486070472148406840F002001F49486058
:1076800070471E48406820F002001C49486070475F
:107690001A48406840F0040018494860704717488D
:1076A000406820F0040015494860704701201449E3
:1076B0000860704700201249086070471148006850
:1076C00070471048001D006870470E480830006879
:1076D000704700001C00002020000020180000203F
:1076E000003C02400FC8E2102038024031791700F8
:1076F0009F1060001400002000050801002004E035
:1077000000042742107AFF1F2DE9F84F0446206835
:10771000006920F44050E16808432168086121694C
:10772000A068084361690843E16908430090206844
:10773000C06849F20C618843009908432168C86019
:107740002068406920F44070A169084321684861BD
:10775000FE492068884203D0FD492068884203D151
:10776000FEF70FFE814602E0FEF7FFFD8146E0696D
:10777000B0F5004F6CD102206168A0FB01500346B8
:107780001920A9FB007001462A46384607F01AF86E
:107790006421B0FBF1F04FEA001A02206168A0FBFF
:1077A00001510B461920A9FB00712A46384607F003
:1077B00009F8834602206168A0FB015003461920A6
:1077C000A9FB00712A46384606F0FCFF6421B0FB95
:1077D000F1F000EBC00101EB0010ABEB80003221B7
:1077E00001EBC0006421B0FBF1F000F0F8000AEBFF
:1077F000400A02206168A0FB015003461920A9FB42
:10780000007001462A46384606F0DCFF8346022017
:107810006168A0FB015003461920A9FB00712A46AC
:10782000384606F0CFFF6421B0FBF1F000EBC00159
:1078300001EB0010ABEB8000322101EBC0006421B2
:10784000B0FBF1F000F007005044216888606AE066
:1078500004206168A0FB015003461920A9FB0070B9
:1078600001462A46384606F0ADFF8246042061688C
:10787000A0FB015003461920A9FB007001462A46CF
:10788000384606F09FFF6421B0FBF1F000EBC00129
:1078900001EB0010AAEB8000322101EB0010642103
:1078A000B0FBF1F000F0F00A04206168A0FB017069
:1078B00003461920A9FB00513A46284606F082FFEC
:1078C0006421B0FBF1F00AEB001A04206168A0FB10
:1078D00001510B461920A9FB00712A46384606F0D3
:1078E00071FF834604206168A0FB01500346192004
:1078F000A9FB007001462A46384606F063FF642162
:10790000B0FBF1F000EBC00101EB0010ABEB80002D
:10791000322101EB00106421B0FBF1F000F00F0008
:10792000504421688860BDE8F88F704710B5044660
:107930000CB9012010BDA06900B100E000BF94F8AF
:10794000410028B9002084F840002046F8F791FF54
:10795000242084F841002068C06820F40050216889
:10796000C8602046FFF7D0FE2068006920F49040F0
:10797000216808612068406920F02A002168486178
:107980002068C06840F400502168C860002060642E
:10799000202084F8410084F842000020606300BF8A
:1079A000C8E710B504460CB9012010BD94F8410099
:1079B00028B9002084F840002046F8F75AFF242018
:1079C00084F841002068C06820F400502168C86035
:1079D0002046FFF799FE2068006920F49040216856
:1079E00008612068406920F0220021684861206811
:1079F000406940F00800216848612068C06840F490
:107A000000502168C86000206064202084F8410094
:107A100084F842000020606300BFC6E770B50446EA
:107A20000D460CB9012070BD94F8410028B9002022
:107A300084F840002046F8F71CFF242084F8410019
:107A40002068C06820F400502168C8602046FFF715
:107A50005BFE2068006920F40060216808612068EE
:107A6000406920F02A00216848612068006940F4DC
:107A70008040216808612068006920F020002168AA
:107A80000861206800692843216808612068C0688F
:107A900040F400502168C86000206064202084F811
:107AA000410084F842000020606300BFBBE770B56E
:107AB00004460D4616460CB9012070BD94F84100ED
:107AC00028B9002084F840002046F8F7D2FE242090
:107AD00084F841002068C06820F400502168C86024
:107AE0002046FFF711FE2068006920F490402168CD
:107AF00008612068406920F02A00216848612068F8
:107B0000006920F00F00216808612068006928439F
:107B1000216808612068C06820F400602168C8609E
:107B20002068C06830432168C8602068C06840F49D
:107B300000502168C86000206064202084F8410063
:107B400084F842000020606300BFB6E700100140E7
:107B500000140140704710B504460CB9012010BD57
:107B6000242084F841002068C06820F40050216877
:107B7000C8602046F8F7BBFE0020606484F841002E
:107B800084F842002063606300BF84F8400000BFB7
:107B900000BFE4E700BF00BF02680C3252E8002FCC
:107BA00022F4907102680C3242E80013002BF3D1EA
:107BB00000BF00BF00BF0268143252E8002F22F05D
:107BC00001010268143242E80013002BF3D100BF18
:107BD000016B01290ED100BF00BF02680C3252E8D0
:107BE000002F22F0100102680C3242E80013002B33
:107BF000F3D100BF202180F84210002101637047BB
:107C00002DE9F84304460D4617469846089E31E094
:107C1000701C70B3FFF7D4FCA0EB0800B04200D892
:107C200016B90320BDE8F8832068C06800F004009E
:107C3000F8B1802D1ED0402D1CD020680068C0F304
:107C4000C000B0B100BF0020009020680068009024
:107C500020684068009000BF00BF2046FFF79AFFF1
:107C60000820606400BF002084F8400000BF0120AD
:107C7000D8E7FFE7206800682840A84201D101202A
:107C800000E00020B842C3D00020CBE72DE9F84F38
:107C900004460E46174699464FF0000A94F84100F4
:107CA000202850D106B117B90120BDE8F88F002077
:107CB0006064212084F84100FFF782FC8246A7849B
:107CC000E784A068B0F5805F04D1206910B9002571
:107CD000B04602E035464FF000081EE05346002251
:107CE00080212046CDF80090FFF78AFF20B12020A8
:107CF00084F841000320D8E745B9B8F80000C0F384
:107D000008002168486008F1020803E0287821682B
:107D100048606D1CE08C401EE084E08C0028DDD1C2
:107D20005346002240212046CDF80090FFF768FF1F
:107D300020B1202084F841000320B6E7202084F8F9
:107D400041000020B1E70220AFE72DE9F84F0446DB
:107D50000E46174699464FF0000A94F84200202834
:107D600052D106B117B90120BDE8F88F0020606438
:107D7000222084F8420000202063FFF721FC824685
:107D8000A785E785A068B0F5805F04D1206910B9A8
:107D90000025B04602E035464FF000082CE053467F
:107DA000002220212046CDF80090FFF729FF20B1C6
:107DB000202084F842000320D6E745B920684068B7
:107DC000C0F30800A8F8000008F1020811E0A0685C
:107DD000B0F5805F03D0A06828B9206918B9206881
:107DE0004068287004E02068406800F07F00287038
:107DF0006D1CE08D401EE085E08D0028CFD1202055
:107E000084F842000020AFE70220ADE710B503463A
:107E100093F84100202813D101B10AB9012010BD07
:107E200019629A84DA8400205864212083F8410082
:107E30001868C06840F080001C68E0600020EEE731
:107E40000220ECE710B5034699629A85DA85002096
:107E50005864222083F84200186928B11868C06865
:107E600040F480701C68E0601868406940F00100D0
:107E70001C6860611868C06840F020001C68E06001
:107E8000002010BD70B504460D46164694F8420019
:107E900020280BD105B10EB9012070BD0020206350
:107EA000324629462046FFF7CDFFF6E70220F4E7E9
:107EB000704700BF00BF02680C3252E8002F22F06A
:107EC000C00102680C3242E80013002BF3D100BF5E
:107ED000202180F84110704770B506460025B46B2C
:107EE00020684069C0F3C01594F84100212805D1ED
:107EF00025B10020E0842046FFF7DBFF20684069C1
:107F0000C0F3801594F84200222805D125B1002045
:107F1000E0852046FFF73EFE606C40F01000606494
:107F20002046FFF7C5FF70BD704770B50446A56BCE
:107F30002846FFF7F9FF70BD704770B50546AC6B7A
:107F40002868006800F48070F8B90020E08400BF61
:107F500000BF2168143151E8001F21F08000216822
:107F6000143141E80002002AF3D100BF00BF00BF76
:107F700021680C3151E8001F41F0400021680C31AC
:107F800041E80002002AF3D102E02046FFF7D4FFC7
:107F900070BDF7B50446154694F8410020283ED13F
:107FA000019800B10DB90120FEBD01982062A584A1
:107FB000E58400206064212084F84100FE48A16B24
:107FC000C863FE48A16B0864FD48A16BC86400202B
:107FD000A16B086501AE23681A1D31682B46A06BA2
:107FE000FEF7B5FD30B110206064202084F8410018
:107FF0000120D9E76FF040002168086000BF00BF92
:108000002168143151E8001F41F0800021681431CB
:1080100041E80002002AF3D100BF0020C4E702209B
:10802000C2E77047704770B50546AC6B01206063CE
:10803000206B012805D1A08D41082046FFF7F2FFF3
:1080400002E02046FFF7EDFF70BD704770B50546B2
:10805000AC6B2868006800F48070002842D1E0858D
:1080600000BF00BF21680C3151E8001F21F480706F
:1080700021680C3141E80002002AF3D100BF00BFA3
:1080800000BF2168143151E8001F21F00100216870
:10809000143141E80002002AF3D100BF00BF00BF45
:1080A0002168143151E8001F21F04000216814318B
:1080B00041E80002002AF3D100BF202084F84200EA
:1080C000206B01280ED100BF00BF21680C3151E8A0
:1080D000001F21F0100021680C3141E80002002A45
:1080E000F3D100BF00206063206B012804D1A18D73
:1080F0002046FFF797FF02E02046FFF7A6FF70BD7E
:1081000077B581B0044615460298A062A585002087
:108110006064222084F84200AA48E16BC863AA4840
:10812000E16B0864A648E16BC8640020E16B086558
:1081300002AE32682368191D2B46E06BFEF707FD7F
:1081400038B110206064202084F84200012004B07F
:1081500070BD00BF0020009020680068009020687B
:108160004068009000BF00BF206970B100BF00BF31
:1081700021680C3151E8001F41F4807021680C31F6
:1081800041E80002002AF3D100BF00BF00BF216810
:10819000143151E8001F41F001002168143141E819
:1081A0000002002AF3D100BF00BF00BF21681431D4
:1081B00051E8001F41F040002168143141E80002FD
:1081C000002AF3D100BF0020C1E770B504460D4678
:1081D000164694F8420020280BD105B10EB90120B3
:1081E00070BD00202063324629462046FFF788FFF5
:1081F000F6E70220F4E710B501460022086840695E
:10820000C0F3C01291F8410021280FD172B100BF14
:1082100000BF0B68143353E8003F23F080000B6865
:10822000143343E80004002CF3D100BF0868406910
:10823000C0F3801291F8420022282DD162B300BF12
:1082400000BF0B680C3353E8003F23F480700B68C9
:108250000C3343E80004002CF3D100BF00BF00BF83
:108260000B68143353E8003F23F001000B6814330C
:1082700043E80004002CF3D100BF00BF00BF0B682F
:10828000143353E8003F23F040000B68143343E8F5
:108290000004002CF3D100BF002010BD08B501463A
:1082A00091F8410021280ED100BF00BF0A681432A6
:1082B00052E8002F42F080000A68143242E80003BE
:1082C000002BF3D100BF91F84200222839D100BF22
:1082D00000200090086800680090086840680090DE
:1082E00000BF00BF086970B100BF00BF0A680C3250
:1082F00052E8002F42F480700A680C3242E8000312
:10830000002BF3D100BF00BF00BF0A68143252E84F
:10831000002F42F001000A68143242E80003002BEB
:10832000F3D100BF00BF00BF0A68143252E8002F2B
:1083300042F040000A68143242E80003002BF3D1F7
:1083400000BF002008BD70B50446002520684069C4
:10835000C0F3C01594F84100212817D1B5B100BF72
:1083600000BF2168143151E8001F21F0800021680E
:10837000143141E80002002AF3D100BFA06B10B114
:10838000A06BFEF72DFC2046FFF793FD20684069A7
:10839000C0F3801594F84200222822D10DB300BF0B
:1083A00000BF2168143151E8001F21F0400021680E
:1083B000143141E8000209E03B7F00082B7F0008F0
:1083C000D97E00084D80000827800008002AE8D1E7
:1083D00000BFE06B10B1E06BFEF702FC2046FFF738
:1083E000D9FB002070BD2DE9F84F04460F4690469A
:1083F0001D46DDF828A094F84200202878D117B156
:10840000B8F1000F02D10120BDE8F88F00206064B0
:10841000222084F842000120206300206063FFF7DF
:10842000CFF88346A4F82C80A4F82E80A068B0F57D
:10843000805F04D1206910B90026B94602E03E46AB
:108440004FF000090020288053E02068006800F009
:108450001000102813D100BF002000902068006891
:10846000009020684068009000BF00BF288830B1AD
:1084700002206063202084F842000020C4E72068C6
:10848000006800F02000202821D146B9206840680B
:10849000C0F30800A9F8000009F1020911E0A06882
:1084A000B0F5805F03D0A06828B9206918B92068AA
:1084B0004068307004E02068406800F07F00307051
:1084C000761C2888401C2880E08D401EE0850AF13B
:1084D000010070B1FFF774F8A0EB0B00504502D813
:1084E000BAF1000F05D1202084F8420003208BE769
:1084F0000BE0E08D0028A8D1A08DE18D401A2880E6
:10850000202084F8420000207EE702207CE7F8B5B6
:1085100004460E46174694F8420020282ED106B194
:108520000FB90120F8BD01202063002060633A46A6
:1085300031462046FFF786FC0546EDB9206B012841
:1085400019D100BF002000902068006800902068CA
:108550004068009000BF00BF00BF00BF21680C3121
:1085600051E8001F41F0100021680C3141E8000281
:10857000002AF3D100E001252846D3E70220D1E705
:10858000F8B504460D46164694F8420020282DD131
:1085900005B10EB90120F8BD012020630020606301
:1085A000324629462046FFF7ABFD0746206B0128DF
:1085B00019D100BF0020009020680068009020685A
:1085C0004068009000BF00BF00BF00BF21680C31B1
:1085D00051E8001F41F0100021680C3141E8000211
:1085E000002AF3D100E001273846D4E70220D2E781
:1085F0000146486B704710B5044600BF00BF2168B4
:108600000C3151E8001F21F4F07021680C3141E871
:108610000002002AF3D100BF00BF00BF216814315F
:1086200051E8001F21F001002168143141E80002E7
:10863000002AF3D100BF206B01280ED100BF00BF7C
:1086400021680C3151E8001F21F0100021680C3125
:1086500041E80002002AF3D100BF2068406900F021
:108660008000802820D100BF00BF2168143151E86C
:10867000001F21F080002168143141E80002002A27
:10868000F3D100BFA06B78B10020A16B0865A06B8F
:10869000FEF7A6FA40B1A06BFEF74CFD202803D1EF
:1086A00010206064032010BD2068406900F0400085
:1086B000402820D100BF00BF2168143151E8001FBD
:1086C00021F040002168143141E80002002AF3D172
:1086D00000BFE06B78B10020E16B0865E06BFEF74E
:1086E0007FFA40B1E06BFEF725FD202803D1102072
:1086F00060640320D7E70020E084E08560642020E8
:1087000084F8420084F841000020206300BFCAE7DB
:1087100010B5044600BF00BF21680C3151E8001FAE
:1087200021F0C00021680C3141E80002002AF3D199
:1087300000BF2068406900F08000802820D100BF81
:1087400000BF2168143151E8001F21F0800021682A
:10875000143141E80002002AF3D100BFA06B78B1C8
:108760000020A16B0865A06BFEF73AFA40B1A06B40
:10877000FEF7E0FC202803D110206064032010BD28
:108780000020E084202084F841000020F7E710B5A5
:10879000044600BF00BF21680C3151E8001F21F4DE
:1087A000907021680C3141E80002002AF3D100BF2B
:1087B00000BF00BF2168143151E8001F21F0010003
:1087C0002168143141E80002002AF3D100BF206B78
:1087D00001280ED100BF00BF21680C3151E8001FF5
:1087E00021F0100021680C3141E80002002AF3D189
:1087F00000BF2068406900F04000402820D100BF41
:1088000000BF2168143151E8001F21F040002168A9
:10881000143141E80002002AF3D100BFE06B78B1C7
:108820000020E16B0865E06BFEF7DAF940B1E06B20
:10883000FEF780FC202803D110206064032010BDC7
:108840000020E085202084F842000020206300BF43
:10885000F5E7704770B50546AC6B0020E16B086525
:10886000A06B18B1A06B006D00B170BD0020E0845A
:10887000E0856064202084F8410084F842000020F4
:1088800020632046FFF7E5FF00BFEEE770B5054621
:10889000AC6B0020A16B0865E06B18B1E06B006D5C
:1088A00000B170BD0020E084E0856064202084F881
:1088B000410084F84200002020632046FFF7C9FFF2
:1088C00000BFEEE770B50446012500BF00BF216878
:1088D0000C3151E8001F21F4F07021680C3141E89F
:1088E0000002002AF3D100BF00BF00BF216814318D
:1088F00051E8001F21F001002168143141E8000215
:10890000002AF3D100BF206B01280ED100BF00BFA9
:1089100021680C3151E8001F21F0100021680C3152
:1089200041E80002002AF3D100BFA06B60B12068CB
:10893000406900F08000802803D1F948A16B0865E8
:1089400002E00020A16B0865E06B60B1206840691F
:1089500000F04000402803D1F248E16B086502E0D6
:108960000020E16B08652068406900F080008028E5
:1089700019D100BF00BF2168143151E8001F21F058
:1089800080002168143141E80002002AF3D100BFC1
:10899000A06B40B1A06BFEF77DF918B10020A16B70
:1089A000086500E000252068406900F0400040288C
:1089B0001AD100BF00BF2168143151E8001F21F017
:1089C00040002168143141E80002002AF3D100BFC1
:1089D000E06B48B1E06BFEF75DF920B10020E16B80
:1089E0000865012500E00025012D0DD10020E0845F
:1089F000E0856064202084F8410084F84200002073
:108A000020632046FFF725FF002070BD704770B53A
:108A10000546AC6B0020E084202084F8410020460D
:108A2000FFF7F4FF70BD10B5044600BF00BF21681A
:108A30000C3151E8001F21F0C00021680C3141E8E1
:108A40000002002AF3D100BF2068406900F08000D6
:108A5000802824D100BF00BF2168143151E8001FD5
:108A600021F080002168143141E80002002AF3D18E
:108A700000BFA06B50B1AC48A16B0865A06BFEF7BE
:108A800009F9A0B1A06B016D884710E00020E084D7
:108A9000202084F841002046FFF7B8FF07E00020BF
:108AA000E084202084F841002046FFF7AFFF00203B
:108AB00010BD704770B50546AC6B0020E0852020E6
:108AC00084F84200002020632046FFF7F2FF70BDCB
:108AD00010B5044600BF00BF21680C3151E8001FEB
:108AE00021F4907021680C3141E80002002AF3D192
:108AF00000BF00BF00BF2168143151E8001F21F002
:108B000001002168143141E80002002AF3D100BFBE
:108B1000206B01280ED100BF00BF21680C3151E845
:108B2000001F21F0100021680C3141E80002002AEA
:108B3000F3D100BF2068406900F04000402826D1F2
:108B400000BF00BF2168143151E8001F21F0400030
:108B50002168143141E80002002AF3D100BFE06B24
:108B600050B17248E16B0865E06BFEF793F8C0B155
:108B7000E06B016D884714E00020E085202084F838
:108B80004200002020632046FFF793FF09E0002009
:108B9000E085202084F84200002020632046FFF773
:108BA00088FF002010BD10B504462068C06820F082
:108BB00040002168C860202084F841002046FFF76B
:108BC000BBF9002010BD014691F84100212828D1B1
:108BD0008868B0F5805F0BD1086948B90A6A1088C7
:108BE000C0F308000B685860086A801C086205E042
:108BF0000B6A581C086218780B685860C88C401EB5
:108C000080B2C88458B90868C06820F080000B683A
:108C1000D8600868C06840F040000B68D860002049
:108C200070470220FCE770B50446A56B0020E8857C
:108C30002846FFF73DF970BDF8B50446002500262B
:108C400094F8420022287BD1A068B0F5805F0BD158
:108C5000206948B9A66A20684068C0F308003080DF
:108C6000A06A801CA06214E0A56AA068B0F5805FCD
:108C700003D0A06828B9206918B920684068287016
:108C800004E02068406800F07F002870A06A401C63
:108C9000A062E08D401E80B2E08500284ED12068A1
:108CA000C06820F020002168C8602068C06820F4F7
:108CB00080702168C8602068406920F00100216848
:108CC0004861202084F8420000206063206B012866
:108CD0002FD10020206300BF00BF21680C3151E874
:108CE000001F21F0100021680C3141E80002002A29
:108CF000F3D100BF2068006800F0100010280AD1EE
:108D000000BF002000902068006800902068406844
:108D1000009000BF00BFA18D2046FFF783F90BE054
:108D20008D880008558800080F8A0008B58A000859
:108D300006E02046FFF789F90020F8BD0020FCE797
:108D40000220FAE72DE9F84F0446206805682068FC
:108D5000C668206847694FF00009CA4605F00F0948
:108D6000B9F1000F0AD105F0200038B106F020005B
:108D700020B12046FFF760FFBDE8F88FB9F1000F82
:108D80007CD007F0010018B906F49070002875D067
:108D900005F0010030B106F4807018B1606C40F04D
:108DA0000100606405F0040030B107F0010018B163
:108DB000606C40F00200606405F0020030B107F022
:108DC000010018B1606C40F00400606405F0080018
:108DD00048B106F0200010B907F0010018B1606C2E
:108DE00040F008006064606C002846D005F0200068
:108DF00028B106F0200010B12046FFF71DFF2068C3
:108E00004069C0F3801A606C00F0080010B9BAF134
:108E1000000F2DD02046FEF7BDFE2068406900F00F
:108E20004000402820D100BF00BF2168143151E824
:108E3000001F21F040002168143141E80002002A9F
:108E4000F3D100BFE06B50B1E548E16B0865E06B22
:108E5000FDF720FF88B1E06B016D88470DE02046EB
:108E6000FFF726F809E009E02046FFF721F804E0C3
:108E70002046FFF71DF8002060647DE7206B012885
:108E800078D105F01000002874D006F010000028FA
:108E9000FAD000BF00200090206800680090206891
:108EA0004068009000BF00BF2068406900F04000AB
:108EB000402870D1E06B006840681FFA80F8B8F174
:108EC000000F58D0A08D404555DDA4F82E80E06BF2
:108ED000C069B0F5807F43D000BF00BF21680C316E
:108EE00051E8001F21F4807021680C3141E8000234
:108EF000002AF3D100BF00BF00BF2168143151E840
:108F0000001F21F001002168143141E80002002A0D
:108F1000F3D100BF00BF00BF2168143151E8001F2A
:108F200021F040002168143141E80002002AF3D109
:108F300000BF202084F842000020206300BF00BF53
:108F400021680C3151E8001F21F0100021680C311C
:108F500041E80002002AF3D100BFE06BFDF740FEBC
:108F600002206063A08DE28D801A81B22046FFF757
:108F700059F80EE052E0A08D40450AD1E06BC0697F
:108F8000B0F5807F05D102206063A18D2046FFF7F8
:108F900049F8F1E6FFE7A08DE18D401A1FFA80F84D
:108FA000E08DD0B3B8F1000F37D000BF00BF21680B
:108FB0000C3151E8001F21F4907021680C3141E818
:108FC0000002002AF3D100BF00BF00BF21681431A6
:108FD00051E8001F21F001002168143141E800022E
:108FE000002AF3D100BF202084F842000020206333
:108FF00000BF00BF21680C3151E8001F21F01000B4
:1090000021680C3141E80002002AF3D100BF0220A0
:10901000606341462046FFF705F8ADE605F08000A5
:1090200030B106F0800018B12046FFF7CCFDA3E672
:1090300005F0400030B106F0400018B12046FFF7BF
:10904000B2FD99E600BF97E6014600BF91F84000E7
:10905000012801D102207047012081F8400000BFA3
:10906000242081F8410000BF00BF0A680C3252E89A
:10907000002F42F001000A680C3242E80003002B86
:10908000F3D100BF202081F8410000BF002081F80B
:10909000400000BF00BFDEE7014600BF91F840007E
:1090A000012801D102207047012081F8400000BF53
:1090B000242081F8410000BF00BF0A680C3252E84A
:1090C000002F42F002000A680C3242E80003002B35
:1090D000F3D100BF202081F841000020486300BF89
:1090E00081F8400000BF00BFDDE7014600BF91F8F6
:1090F0004000012801D102207047012081F8400082
:1091000000BF242081F8410000BF00BF0A680C3274
:1091100052E8002F22F002000A680C3242E80003F5
:10912000002BF3D100BF202081F8410000204863CC
:1091300000BF81F8400000BF00BFDDE7014600220C
:1091400000BF91F84000012801D1022070470120A2
:1091500081F8400000BF242081F841000868C268FF
:1091600022F00C0242F008020868C260202081F858
:10917000410000BF002081F8400000BF00BFE5E7CC
:109180000146002200BF91F84000012801D10220D1
:109190007047012081F8400000BF242081F8410081
:1091A0000868C26822F00C0242F004020868C2603B
:1091B000202081F8410000BF002081F8400000BF5E
:1091C00000BFE5E701460022002391F8412091F815
:1091D000423042EA030070470146486C7047000085
:1091E000278C00082B48006840F47000294908606B
:1091F000704770B5284D2D6805F00C0222B1042A85
:1092000006D0082A34D107E0244D254E356033E0DE
:10921000244D234E35602FE01F4D2D1F2D68C5F3C3
:1092200080541D4D2D1F2D6805F03F0154B11D4D7B
:10923000B5FBF1F5184E361F3668C6F3881605FBE8
:1092400006F009E0154DB5FBF1F5134E361F3668F3
:10925000C6F3881605FB06F00F4D2D1F2D68C5F3CC
:1092600001456D1C6B00B0FBF3F50D4E356003E05E
:109270000A4D0B4E356000BF00BF074D2D68C5F38A
:109280000315094E725D064D2D68D540044E3560BC
:1092900070BD000088ED00E0083802400024F400B2
:1092A0002000002040787D0104EB000838B5054619
:1092B00055B900BF502080F31188BFF34F8FBFF323
:1092C0006F8F00BF00BFFEE720200090009820288D
:1092D00001D1012000E0002050B900BF502080F3F0
:1092E0001188BFF34F8FBFF36F8F00BF00BFFEE742
:1092F0002C4634B100202060201D00F05FFA0120D0
:109300002077204638BD10B5202004F018FF044611
:1093100034B100202060201D00F050FA002020779A
:10932000204610BD2DE9FE4F0746884600200190DB
:109330003C46009057B900BF502080F31188BFF31E
:109340004F8FBFF36F8F00BF00BFFEE708F07F4075
:1093500008B9012000E0002050B900BF502080F380
:109360001188BFF34F8FBFF36F8F00BF00BFFEE7C1
:1093700004F1040909F10800029001F016FED9F881
:109380000C60206840EA0800206026E0D6F804B0AF
:1093900035680020009005F07F4A25F07F450AF0EF
:1093A000806028B92068284040B10120009005E085
:1093B00020682840A84201D101200090009858B1AF
:1093C0000AF0807010B1019828430190206840F0A5
:1093D0000071304602F04EFB5E4602988642D5D1BF
:1093E000206801998843206001F03EFD2068BDE8B7
:1093F000FE8F2DE9F84F8346884614461F465D468A
:109400000020009004F07F4008B9012000E0002017
:1094100050B900BF502080F31188BFF34F8FBFF3C6
:109420006F8F00BF00BFFEE70CB1012000E00020FD
:1094300050B900BF502080F31188BFF34F8FBFF3A6
:109440006F8F00BF00BFFEE702F0DFFB00B90FB96E
:10945000012000E0002050B900BF502080F31188A7
:10946000BFF34F8FBFF36F8F00BF00BFFEE701F068
:109470009CFDD5F8009041465846FFF753FF49EA56
:1094800008002040A04206D149EA08062868A04307
:10949000286000270BE03FB144F0A0613A46281D48
:1094A00002F036FA002602E02E680120009001F05A
:1094B000DBFC824607B3BAF1000F07D14FF08050B2
:1094C000BD490860BFF34F8FBFF36F8F02F0A1FC5F
:1094D000064606F0007068B905F05DF82E6806EAE9
:1094E0000400A04202D12868A043286005F07AF861
:1094F0000120009026F07F463046BDE8F88F10B579
:109500000346002022B903EA010434B1012004E03B
:1095100003EA01048C4200D1012010BD2DE9FF4F68
:1095200083B081460D461746DDF840804C464FF02B
:10953000000A00200190B9F1000F0AD100BF5020AD
:1095400080F31188BFF34F8FBFF36F8F00BF00BF51
:10955000FEE705F07F4008B9012000E0002050B987
:1095600000BF502080F31188BFF34F8FBFF36F8F80
:1095700000BF00BFFEE70DB1012000E0002050B9A0
:1095800000BF502080F31188BFF34F8FBFF36F8F60
:1095900000BF00BFFEE702F038FB10B9B8F1000FC2
:1095A00001D1012000E0002050B900BF502080F31D
:1095B0001188BFF34F8FBFF36F8F00BF00BFFEE76F
:1095C00001F0F3FC206800902946069A0098FFF706
:1095D00096FF0290029838B1009E4FF00008C7B184
:1095E0002068A843206014E0B8F1000F03D1009E6A
:1095F000012001900DE00FB14AF0807A069808B181
:109600004AF0806A45EA0A014246201D02F080F9CC
:10961000002601F029FC8346B8F1000F23D0BBF1EE
:10962000000F07D14FF0805063490860BFF34F8FA0
:10963000BFF36F8F02F0EDFB064606F0007080B9B5
:1096400004F0A9FF266829463046069AFFF757FF1F
:1096500018B117B12068A84320600120019004F0E0
:10966000C1FF26F07F46304607B0BDE8F08F2DE9F8
:10967000F04105460E462C4655B900BF502080F3F8
:109680001188BFF34F8FBFF36F8F00BF00BFFEE79E
:1096900006F07F4008B9012000E0002050B900BF6B
:1096A000502080F31188BFF34F8FBFF36F8F00BF3F
:1096B00000BFFEE704F06FFF27682068B04320601A
:1096C00004F090FF3846BDE8F08170B504460D46C1
:1096D00029462046FFF7CBFF70BD70B504460D4606
:1096E00000232A462146AFF21D0003F0D6F90646B4
:1096F000304670BD70B501460B4600BF5025EFF3F4
:10970000118085F31188BFF34F8FBFF36F8F00BFB8
:1097100002461C68104680F3118800BF204670BDC9
:1097200070B505462E46341D01F03FFC18E004F1EB
:109730000800E168814201D0012000E0002050B91A
:1097400000BF502080F31188BFF34F8FBFF36F8F9E
:1097500000BF00BFFEE74FF00071E06802F08AF939
:1097600020680028E3D1307F10B9304604F080FD36
:1097700001F07AFB70BD70B504460D4629462046BF
:10978000FFF7D0FD70BD2DE9F04104460D461646A9
:1097900033462A462146AFF2210003F07EF9074600
:1097A0003846BDE8F08101460A4609B9002000E0CC
:1097B000906970478161704704ED00E000F1080195
:1097C00041604FF0FF31816000F10801C16001612B
:1097D00000210160704700210161704742684A60C2
:1097E00093688B60936859609160086103685B1CA3
:1097F0000360704710B502460B685C1C0CB9106919
:1098000007E002F1080000E04068446824689C42D8
:10981000FAD944684C604C68A160886041600A6174
:109820001468641C146010BD01460A69D1E9013056
:109830009860D1E9010358605068884201D1886876
:109840005060002008611068401E1060106870476A
:1098500070B505460E462C4654B900BF502080F323
:109860001188BFF34F8FBFF36F8F00BF00BFFEE7BC
:1098700004F091FED4E90F12206801FB0200A06001
:109880000020A06320686060E06B401E226C2168AD
:1098900000FB0211E160FF2084F8440084F84500D9
:1098A0009EB9206908B9012000E00020A8B904F1A0
:1098B000100002F07DF880B14FF08050FE49086042
:1098C000BFF34F8FBFF36F8F07E004F11000FFF776
:1098D00075FF04F12400FFF771FF04F083FE0120FF
:1098E00070BD2DE9F04106460D4617469846069C88
:1098F0000DB9246000E02760E6632564012120465D
:10990000FFF7A6FF84F84C80BDE8F0812DE9F8430D
:1099100080460E4617461D46DDF82090B8F1000F30
:1099200001D0012000E0002050B900BF502080F39A
:109930001188BFF34F8FBFF36F8F00BF00BFFEE7EB
:109940000DB1012000E0002050B900BF502080F38D
:109950001188BFF34F8FBFF36F8F00BF00BFFEE7CB
:1099600007B10EB1012000E0002050B900BF502027
:1099700080F31188BFF34F8FBFF36F8F00BF00BF1D
:10998000FEE707B90EB9012000E0002050B900BF82
:10999000502080F31188BFF34F8FBFF36F8F00BF4C
:1099A00000BFFEE7502000900098502801D1012010
:1099B00000E0002050B900BF502080F31188BFF3B1
:1099C0004F8FBFF36F8F00BF00BFFEE700BF2C4675
:1099D0004CB1012084F846004B463A463146404699
:1099E0000094FFF77EFF2046BDE8F8832DE9F84399
:1099F00005460E4617460DB1012000E0002050B983
:109A000000BF502080F31188BFF34F8FBFF36F8FDB
:109A100000BF00BFFEE705FB06F808F1500004F0A8
:109A20008EFB044664B1A14609F15009002084F878
:109A300046003B464A46314628460094FFF751FF10
:109A40002046BDE8F88370B5044604F0A4FD94F9FF
:109A5000455010E0606A08B9012000E0002038B9E4
:109A600004F1240001F0A4FF18B102F0ABF800E00B
:109A700003E0681E45B2002DECDC00BFFF2084F837
:109A8000450004F0AFFD04F086FD94F9445010E069
:109A9000206908B9012000E0002048B904F1100055
:109AA00001F086FF08B102F08DF8681E45B200E0B3
:109AB00001E0002DECDC00BFFF2084F8440004F03E
:109AC00091FD70BD70B5054604F065FDA86BE96BAE
:109AD000884201D1012400E0002404F083FD2046E7
:109AE00070BD2DE9F04104460F4615464FF00008C1
:109AF000A66B206C48B9206800282CD1A06802F021
:109B0000DBF880460020A06025E07DB93946226C54
:109B1000606804F088FE216C606808446060D4E9E5
:109B20000101884217D32068606014E03946226C36
:109B3000E06804F078FE216CE068411AE160216879
:109B4000E068884203D2216CA068411AE160022DCE
:109B500001D106B1761E701CA0634046BDE8F081BD
:109B60002DE9FF4383B0064688461D464FF00009A5
:109B7000344654B900BF502080F31188BFF34F8F93
:109B8000BFF36F8F00BF00BFFEE7B8F1000F01D138
:109B9000206C08B9012000E0002050B900BF50201F
:109BA00080F31188BFF34F8FBFF36F8F00BF00BFEB
:109BB000FEE7022D02D1E06B012801D1012000E077
:109BC000002050B900BF502080F31188BFF34F8FA1
:109BD000BFF36F8F00BF00BFFEE702F016F808B9B1
:109BE000059808B9012000E0002050B900BF5020BE
:109BF00080F31188BFF34F8FBFF36F8F00BF00BF9B
:109C0000FEE700BF04F0C7FCA06BE16B884201D304
:109C1000022D28D12A4641462046FFF762FF07461B
:109C2000606A08B9012000E0002068B904F124004E
:109C300001F0BEFE88B14FF080501F490860BFF3AD
:109C40004F8FBFF36F8F08E03FB14FF080501A493C
:109C50000860BFF34F8FBFF36F8F04F0C3FC012088
:109C600007B0BDE8F083059818B904F0BBFC0020EC
:109C7000F6E7B9F1000F04D101A801F05AFF4FF047
:109C8000010904F0AFFC01F090F904F084FC94F9B0
:109C90004400401C10B9002084F8440094F94500A9
:109CA000401C10B9002084F8450004F09BFC05A975
:109CB00001A801F045FF01E004ED00E0F0B9204605
:109CC000FFF700FFA0B104F11000059901F006FEB6
:109CD0002046FFF7B8FE01F0C7F8002892D14FF0F8
:109CE0008050F7490860BFF34F8FBFF36F8F89E74C
:109CF0002046FFF7A8FE01F0B7F883E72046FFF7FC
:109D0000A2FE01F0B1F80020AAE710B5044654B154
:109D10000020A06020600021E16000231A4619465F
:109D20002046FFF71DFF10BD2DE9F0410446012636
:109D30000027224600210120FFF758FE054628464D
:109D4000FFF7E3FF2846BDE8F0812DE9F84304461C
:109D50000D4601274FF000082B4600221146012036
:109D60000094FFF7D3FD06463046FFF7CEFF30469E
:109D7000BDE8F88370B50446264604F00CFC306854
:109D800008B9B56800E0002504F02CFC284670BD39
:109D9000014651B900BF502282F31188BFF34F8FA3
:109DA000BFF36F8F00BF00BFFEE70A680AB988687B
:109DB00000E00020704770B505462C4654B900BF3E
:109DC000502080F31188BFF34F8FBFF36F8F00BF18
:109DD00000BFFEE701F016FFA16888420CD1E068E1
:109DE000401EE060E06828B900231A461946204664
:109DF000FFF7B6FE012600E00026304670BD0146A2
:109E00004A6A22B10A6B1268C2F1380000E00020F1
:109E1000704770B5054604F0BEFBA86B08B9012475
:109E200000E0002404F0DEFB204670BD2DE9F34184
:109E300082B005464FF000082C46002654B900BFFA
:109E4000502080F31188BFF34F8FBFF36F8F00BF97
:109E500000BFFEE7206C08B9012000E0002050B9E7
:109E600000BF502080F31188BFF34F8FBFF36F8F77
:109E700000BF00BFFEE701F0C8FE08B9039808B9AB
:109E8000012000E0002050B900BF502080F311886D
:109E9000BFF34F8FBFF36F8F00BF00BFFEE700BF60
:109EA00004F079FBA76BFFB1781EA063206810B99E
:109EB00001F0BBFFA060206908B9012000E000208C
:109EC00060B904F1100001F073FD38B14FF080501B
:109ED0007B490860BFF34F8FBFF36F8F04F082FBA5
:109EE000012004B0BDE8F081039898B90EB90120B3
:109EF00000E0002050B900BF502080F31188BFF36C
:109F00004F8FBFF36F8F00BF00BFFEE704F06AFB07
:109F10000020E6E7B8F1000F04D1684601F009FE21
:109F20004FF0010804F05EFB01F03FF804F033FB52
:109F300094F94400401C10B9002084F8440094F9BE
:109F40004500401C10B9002084F8450004F04AFB8D
:109F500003A9684601F0F4FD40BB2046FFF759FF16
:109F6000F0B1206838B904F016FBA06801F059FE82
:109F7000064604F037FB04F12400039901F0AEFC1F
:109F80002046FFF760FD00F06FFF002888D14FF0FA
:109F900080504B490860BFF34F8FBFF36F8F7FE74F
:109FA0002046FFF750FD00F05FFF79E72046FFF7FE
:109FB0004AFD00F059FF2046FFF72BFF0028EED0A6
:109FC0005EB104F0E8FA2046FFF719FF074639466C
:109FD000A06801F0BDFE04F005FB002081E72DE93B
:109FE000F04106460F46344654B900BF502080F376
:109FF0001188BFF34F8FBFF36F8F00BF00BFFEE725
:10A0000001F000FEA168884204D1E068401CE060D5
:10A01000012508E039462046FFF708FF054615B13F
:10A02000E068401CE0602846BDE8F081F8B50546D0
:10A030000E4617460DB1012000E0002050B900BFC8
:10A04000502080F31188BFF34F8FBFF36F8F00BF95
:10A0500000BFFEE7AE4201D8012000E0002050B969
:10A0600000BF502080F31188BFF34F8FBFF36F8F75
:10A0700000BF00BFFEE702203B46002211460090D1
:10A080002846FFF743FC044604B1A6632046F8BD0A
:10A0900070B505460E460DB1012000E0002050B914
:10A0A00000BF502080F31188BFF34F8FBFF36F8F35
:10A0B00000BF00BFFEE7AE4204D8012003E000006D
:10A0C00004ED00E0002050B900BF502080F311885B
:10A0D000BFF34F8FBFF36F8F00BF00BFFEE70222B9
:10A0E00000212846FFF782FC044604B1A6632046FF
:10A0F00070BD2DE9F84F07468A4690461E463C46FD
:10A1000054B900BF502080F31188BFF34F8FBFF3C5
:10A110006F8F00BF00BFFEE7BAF1000F01D1206CC6
:10A1200008B9012000E0002050B900BF502080F3A2
:10A130001188BFF34F8FBFF36F8F00BF00BFFEE7E3
:10A14000022E02D1E06B012801D1012000E00020A5
:10A1500050B900BF502080F31188BFF34F8FBFF379
:10A160006F8F00BF00BFFEE704F070FA00BF502100
:10A17000EFF3118081F31188BFF34F8FBFF36F8F1F
:10A1800000BF0546A06BE16B884201D3022E25D1AA
:10A1900094F945B0A06B0090324651462046FFF737
:10A1A000A0FC0BF1010088B9606A08B9012000E049
:10A1B000002050B904F1240001F0FAFB28B1B8F1F5
:10A1C000000F02D00120C8F8000004E00BF10100EC
:10A1D00040B284F845004FF0010901E04FF000095A
:10A1E00000BF85F3118800BF4846BDE8F88F2DE910
:10A1F000F04706460F46344654B900BF502080F35E
:10A200001188BFF34F8FBFF36F8F00BF00BFFEE712
:10A21000206C08B9012000E0002050B900BF502098
:10A2200080F31188BFF34F8FBFF36F8F00BF00BF64
:10A23000FEE7206808B9A06808B9012000E0002006
:10A2400050B900BF502080F31188BFF34F8FBFF388
:10A250006F8F00BF00BFFEE704F0F8F900BF502188
:10A26000EFF3118081F31188BFF34F8FBFF36F8F2E
:10A2700000BF0546D4F83890E06B48451ED994F9E4
:10A2800045A009F10100A0630AF1010070B9606AFC
:10A2900008B9012000E0002068B904F1240001F0B1
:10A2A00087FB40B13FB10120386004E00AF10100B2
:10A2B00040B284F845004FF0010801E04FF000087B
:10A2C00000BF85F3118800BF4046BDE8F08770B538
:10A2D00004460D46206C70B1216CE0680144E160D9
:10A2E000D4E90210884201D32168E1602846226C3B
:10A2F000E16804F098FA70BD2DE9F74183B0054696
:10A300000E464FF000082C4654B900BF502080F391
:10A310001188BFF34F8FBFF36F8F00BF00BFFEE701
:10A320000EB9206C08B9012000E0002050B900BF30
:10A33000502080F31188BFF34F8FBFF36F8F00BFA2
:10A3400000BFFEE701F061FC08B9059808B90120DB
:10A3500000E0002050B900BF502080F31188BFF307
:10A360004F8FBFF36F8F00BF00BFFEE700BF04F049
:10A3700012F9A76BF7B131462046FFF7A8FF781E08
:10A38000A063206908B9012000E0002060B904F151
:10A39000100001F00DFB38B14FF08050FA49086011
:10A3A000BFF34F8FBFF36F8F04F01CF9012006B08D
:10A3B000BDE8F081059818B904F014F90020F6E71B
:10A3C000B8F1000F04D101A801F0B3FB4FF0010870
:10A3D00004F008F900F0E9FD04F0DDF894F9440018
:10A3E000401C10B9002084F8440094F94500401C3A
:10A3F00010B9002084F8450004F0F4F805A901A87C
:10A4000001F09EFBF0B92046FFF703FDA0B104F177
:10A410002400059901F062FA2046FFF714FB00F0D2
:10A4200023FD0028A3D14FF08050D7490860BFF327
:10A430004F8FBFF36F8F9AE72046FFF704FB00F0C2
:10A4400013FD94E72046FFF7FEFA00F00DFD2046CD
:10A45000FFF7DFFC00288AD00020A8E72DE9F743AA
:10A4600082B005460E464FF000082C4654B900BF96
:10A47000502080F31188BFF34F8FBFF36F8F00BF61
:10A4800000BFFEE70EB9206C08B9012000E00020F3
:10A4900050B900BF502080F31188BFF34F8FBFF336
:10A4A0006F8F00BF00BFFEE701F0AFFB08B9049853
:10A4B00008B9012000E0002050B900BF502080F30F
:10A4C0001188BFF34F8FBFF36F8F00BF00BFFEE750
:10A4D00000BF04F060F8D4F83890B9F1000F1ED036
:10A4E000E76831462046FFF7F2FEE760606A08B988
:10A4F000012000E0002060B904F1240001F058FAC6
:10A5000038B14FF08050A0490860BFF34F8FBFF3C0
:10A510006F8F04F067F8012005B0BDE8F083049860
:10A5200018B904F05FF80020F6E7B8F1000F04D185
:10A53000684601F0FEFA4FF0010804F053F800F00D
:10A5400034FD04F028F894F94400401C10B90020B0
:10A5500084F8440094F94500401C10B9002084F8A8
:10A56000450004F03FF804A9684601F0E9FAF0B9A3
:10A570002046FFF74EFCA0B104F12400049901F03D
:10A58000ADF92046FFF75FFA00F06EFC0028A0D17D
:10A590004FF080507C490860BFF34F8FBFF36F8F3F
:10A5A00097E72046FFF74FFA00F05EFC91E7204660
:10A5B000FFF749FA00F058FC2046FFF72AFC002874
:10A5C00087D00020A8E72DE9F05F064689461746A8
:10A5D000344654B900BF502080F31188BFF34F8F29
:10A5E000BFF36F8F00BF00BFFEE7B9F1000F01D1CD
:10A5F000206C08B9012000E0002050B900BF5020B5
:10A6000080F31188BFF34F8FBFF36F8F00BF00BF80
:10A61000FEE704F01BF800BF5021EFF3118081F337
:10A620001188BFF34F8FBFF36F8F00BF0546D4F87B
:10A6300038A0BAF1000F22D094F944B04946204620
:10A64000FFF745FEAAF10100A0630BF1010070B90C
:10A65000206908B9012000E0002068B904F1100069
:10A6600001F0A6F940B13FB10120386004E00BF1E0
:10A67000010040B284F844004FF0010801E04FF0BF
:10A68000000800BF85F3118800BF4046BDE8F09F79
:10A690002DE9F04706468846344654B900BF50209D
:10A6A00080F31188BFF34F8FBFF36F8F00BF00BFE0
:10A6B000FEE7B8F1000F01D1206C08B9012000E0DD
:10A6C000002050B900BF502080F31188BFF34F8F96
:10A6D000BFF36F8F00BF00BFFEE7206C08B1012001
:10A6E00000E0002050B900BF502080F31188BFF374
:10A6F0004F8FBFF36F8F00BF00BFFEE703F0A6FFD1
:10A7000000BF5021EFF3118081F31188BFF34F8F09
:10A71000BFF36F8F00BF0546A06B48B1D4F80C9013
:10A7200041462046FFF7D3FDC4F80C90012700E016
:10A73000002700BF85F3118800BF3846BDE8F087C9
:10A7400070B5044654B900BF502080F31188BFF3A0
:10A750004F8FBFF36F8F00BF00BFFEE703F01BFFFB
:10A76000A56B03F03FFF284670BD70B50446254633
:10A7700065B900BF502080F31188BFF34F8FBFF33E
:10A780006F8F00BF00BFFEE704ED00E003F003FFA2
:10A79000D5E90E10461A03F025FF304670BD10B5FE
:10A7A00001460A4652B900BF502383F31188BFF314
:10A7B0004F8FBFF36F8F00BF00BFFEE7906B10BDE0
:10A7C000014600200EE0564A02EBC00252688A425F
:10A7D00007D10022524B43F8302003EBC0035A60EC
:10A7E00002E0401C0828EED300BF704770B5044655
:10A7F000254655B900BF502080F31188BFF34F8F15
:10A80000BFF36F8F00BF00BFFEE72846FFF7D8FFFA
:10A8100095F8460010B9284603F02AFD70BD0146A0
:10A82000886C704781647047014691F84C0070470E
:10A8300010B501460A4652B900BF502383F3118870
:10A84000BFF34F8FBFF36F8F00BF00BFFEE7936B67
:10A850000BB9012000E0002010BD10B501460A46EA
:10A8600052B900BF502383F31188BFF34F8FBFF35A
:10A870006F8F00BF00BFFEE7936BD46BA34201D183
:10A88000012000E0002010BD024600200BE0244B18
:10A8900053F8303033B9224B43F8301003EBC00388
:10A8A0005A6002E0401C0828F1D300BF70470246FE
:10A8B000002000210AE01A4B03EBC1035B689342BE
:10A8C00003D1174B53F8310002E0491C0829F2D399
:10A8D00000BF70472DE9F04105460E4617462C464D
:10A8E00003F059FE94F94400401C10B9002084F88C
:10A8F000440094F94500401C10B9002084F845003C
:10A9000003F070FEA06B28B93A46314604F12400EA
:10A9100001F030F82046FFF796F8BDE8F08100001E
:10A920003801002010B5002407E004EB8401FE4A42
:10A9300002EB8100FEF742FF641C382CF5D3FB4884
:10A94000FEF73CFFFA48FEF739FFFA48FEF736FFFC
:10A95000F948FEF733FFF948FEF730FFF348F849AE
:10A960000860F348F749086010BD10B5044603F0CD
:10A9700012FEF5480068401CF3490860F34800687F
:10A9800040B9F24804600846006801280DD1FFF77D
:10A99000C9FF0AE0EE48006838B9EC480068C06AB0
:10A9A000E16A884201D8E9480460EA480068401C2E
:10A9B000E8490860084600686064E749E06A096899
:10A9C000884202D9E449E06A0860E16A01EB81014A
:10A9D000D54A02EB8100211DFEF700FF03F002FEC5
:10A9E000DB48006868B1D9480068C06AE16A8842FB
:10A9F00007D24FF08050D9490860BFF34F8FBFF3A3
:10AA00006F8F10BD2DE9F05F82460E4690469B4643
:10AA10000A9F0C9C4FEA8801A522206B03F015FFCA
:10AA2000A8F10100216B01EB800929F0070909F069
:10AA3000070008B9012000E0002050B900BF5020F5
:10AA400080F31188BFF34F8FBFF36F8F00BF00BF3C
:10AA5000FEE786B1002507E0715D04F13400415541
:10AA6000705D00B902E06D1C102DF5D300BF002110
:10AA70004320015502E0002084F83400382F00D331
:10AA80003727E762E76400202065201DFEF7A3FE5C
:10AA900004F11800FEF79FFE2461C7F13800A061A1
:10AAA00064620020606584F858005A465146484662
:10AAB00003F092FC20600B9808B10B980460BDE88D
:10AAC000F09F2DE9F04F85B00746884691469A469B
:10AAD000DDE90EB6109C0EB1012000E0002050B957
:10AAE00000BF502080F31188BFF34F8FBFF36F8FEB
:10AAF00000BF00BFFEE70CB1012000E0002050B90C
:10AB000000BF502080F31188BFF34F8FBFF36F8FCA
:10AB100000BF00BFFEE75C20039003985C2801D1D2
:10AB2000012000E0002050B900BF502080F31188C0
:10AB3000BFF34F8FBFF36F8F00BF00BFFEE700BFB3
:10AB4000B4B1AEB125462C462E63022085F85900DB
:10AB5000002004A953464A46CDE900B1CDE9025090
:10AB600041463846FFF74EFF2846FFF7FEFE01E05C
:10AB700000200490049805B0BDE8F08F2DE9FF4F48
:10AB800085B0804689461746DDE912ABB80003F070
:10AB9000D6FA064656B15C2003F0D1FA04460CB151
:10ABA000266304E0304603F063FB00E000248CB130
:10ABB000002084F85900CDE900ABCDE902403A46C7
:10ABC00049464046089BFFF71DFF2046FFF7CDFE94
:10ABD000012501E04FF0FF35284609B0BDE8F08FB0
:10ABE00057490968096809B9012100E0002121B12C
:10ABF0004FF0FF315A4A116006E051490968C968AF
:10AC0000C868574A41681160704710B5044694F807
:10AC1000590030B9206B03F02BFB204603F028FBD2
:10AC20001AE094F85900012803D1204603F020FBD4
:10AC300012E094F85900022801D1012000E0002020
:10AC400050B900BF502080F31188BFF34F8FBFF37E
:10AC50006F8F00BF00BFFEE710BD70B5054603F063
:10AC60009AFC15B93948006800E028460446201DC2
:10AC7000FEF7DAFDA06A18B104F11800FEF7D4FD62
:10AC800034480068401C33490860304800688442FA
:10AC900009D1211D2848FEF7A1FD32480068401C5B
:10ACA0003049086009E028480068401E26490860CD
:10ACB0002046FFF7AAFFFFF793FF03F093FC244819
:10ACC0000068E8B121480068844219D1264800682C
:10ACD00008B9012000E0002050B900BF502080F3E7
:10ACE0001188BFF34F8FBFF36F8F00BF00BFFEE728
:10ACF0004FF0805019490860BFF34F8FBFF36F8F3B
:10AD000070BD2DE9F0414FF0000817480068002899
:10AD10007DD116480068451C1448056045BB0848AD
:10AD20000068006838BB24E078010020D8050020C6
:10AD3000EC05002000060020140600202806002054
:10AD4000280000202C0000203400002024000020D7
:10AD500040000020500000203C00002004ED00E0F6
:10AD600054000020300000205C000020380000204B
:10AD70001EE0012000E0002050B900BF502080F309
:10AD80001188BFF34F8FBFF36F8F00BF00BFFEE787
:10AD9000F7480768F7480068F5490860F548076014
:10ADA000F5480068401CF4490860FFF719FF00BF30
:10ADB000F248006885423DD300BFED480068006856
:10ADC00008B9012000E0002020B14FF0FF30EB492E
:10ADD00008602EE0E6480068C068C4686668B5424E
:10ADE00002D2E648066024E0201DFEF71DFDA06AA1
:10ADF00018B104F11800FEF717FDE149E06A09688F
:10AE0000884202D9DE49E06A0860E16A00E023E096
:10AE100001EB8101DB4A02EB8100211DFEF7DEFC24
:10AE2000D949E06A0968C96A8842C6D34FF0010867
:10AE3000C3E700BFD4480068C06A00EB8000D14976
:10AE400051F82000012801D94FF00108CF480068CF
:10AE500008B14FF0010804E0CD480068401CCC491F
:10AE600008604046BDE8F08170B500240026C9485E
:10AE7000006850B900BF502080F31188BFF34F8F96
:10AE8000BFF36F8F00BF00BFFEE703F084FBC14834
:10AE90000068401EBF4908600846006800284ED17F
:10AEA000BD48006800284AD023E0BC48C068C46898
:10AEB00004F11800FEF7B8FC201DFEF7B5FCB04900
:10AEC000E06A0968884202D9AD49E06A0860E16A2F
:10AED00001EB8101AB4A02EB8100211DFEF77EFCF4
:10AEE000A949E06A0968C96A884202D30120A749D2
:10AEF0000860AA48006808B9012000E00020002886
:10AF0000D3D00CB1FFF76CFEA148056865B100BF56
:10AF1000FFF7F7FE10B101209C4908606D1E002D5F
:10AF2000F6D100209A4908609848006838B1012697
:10AF300030079B490860BFF34F8FBFF36F8F03F05B
:10AF400051FB304670BD2DE9F04105460E4695484F
:10AF500007688D480068001DFEF766FC681C38B95C
:10AF600036B189480168091D8F48FEF737FC1AE0A1
:10AF70007C19854800684460BC4207D28248016859
:10AF8000091D7C480068FEF735FC0CE07E4801682E
:10AF9000091D77480068FEF72DFC78480068844258
:10AFA00001D276480460BDE8F0817A480068401C10
:10AFB0007849086070472DE9F04704460F464FF086
:10AFC000000954B900BF502080F31188BFF34F8FA0
:10AFD000BFF36F8F00BF00BFFEE70FB1012000E09D
:10AFE000002050B900BF502080F31188BFF34F8F6D
:10AFF000BFF36F8F00BF00BFFEE76648006808B967
:10B00000012000E0002050B900BF502080F31188DB
:10B01000BFF34F8FBFF36F8F00BF00BFFEE7FFF797
:10B02000C4FF604806682068C5192068B04207D987
:10B030002068A8420BD9B54209D94FF0010906E0B2
:10B040002068A84201D8B54201D94FF00109256016
:10B05000B9F1000F03D0A81B0021FFF774FFFFF721
:10B0600003FF8046B8F1000F07D14FF080504C49E4
:10B070000860BFF34F8FBFF36F8FBDE8F08770B5E7
:10B0800004460025D4B14348006808B9012000E017
:10B09000002050B900BF502080F31188BFF34F8FBC
:10B0A000BFF36F8F00BF00BFFEE7FFF77EFF0021F9
:10B0B0002046FFF748FFFFF7D7FE05463DB94FF0A2
:10B0C000805037490860BFF34F8FBFF36F8F70BD5B
:10B0D0002DE9F04707463E4656B900BF502080F3A1
:10B0E0001188BFF34F8FBFF36F8F00BF00BFFEE724
:10B0F00025480068864201D1002426E003F04BFA7F
:10B1000075691B48D0F800801A48D0F8009003F009
:10B1100069FA454501D04D4501D1022415E0224888
:10B1200085420BD1B06A38B996F85800012801D190
:10B1300002240AE0032408E0022406E01B488542BA
:10B1400000D00DB9042400E001242046BDE8F087BA
:10B1500070B5044603F01FFA14B90B48006800E00C
:10B1600020460646F56A03F03DFA284670BD000009
:10B17000280000202C0000204C000020540000205B
:10B180003C0000207801002024000020480000201E
:10B19000440000205C000020340000200006002055
:10B1A00004ED00E0380000202806002014060020EE
:10B1B0002DE9F041054603F049FA00BF5021EFF3B5
:10B1C000118081F31188BFF34F8FBFF36F8F00BFE2
:10B1D000044615B9FE48006800E028460746FE6AA6
:10B1E00000BF84F3118800BF3046BDE8F0812DE92F
:10B1F000F04707460D464FF00009382D01D20120D7
:10B2000000E0002050B900BF502080F31188BFF348
:10B210004F8FBFF36F8F00BF00BFFEE7382D00D305
:10B22000372503F0B8F917B9E948006800E0384657
:10B230000446E66CAE424ED0B5420BD9E4480068F5
:10B2400084420DD0E2480068C06AA84208D84FF096
:10B25000010905E0DE480068844201D14FF0010990
:10B26000D4F82C80E16AE06C884200D1E562E564A4
:10B27000A06900F0004010B9C5F13800A06108EBEA
:10B280008801D44A02EB81016069884201D1012022
:10B2900000E0002098B1201DFEF7C6FACE49E06A12
:10B2A0000968884202D9CC49E06A0860E16A01EB8A
:10B2B0008101C84A02EB8100211DFEF78FFAB9F126
:10B2C000000F07D04FF08050C4490860BFF34F8F84
:10B2D000BFF36F8F00BF03F085F9BDE8F087C0486A
:10B2E000006818B10120BF49086034E00020BD4962
:10B2F0000860B94801680CE051B900BF502080F3E4
:10B300001188BFF34F8FBFF36F8F00BF00BFFEE701
:10B31000491E01EB8100AF4A52F8200008B9012014
:10B3200000E000200028E7D101EB8102A94B03EBEC
:10B33000820042685268426000F10802436893420A
:10B3400002D14268526842604268D268A04B1A60DB
:10B35000A148016000BF704770B5054603F01BF9B6
:10B3600015B99B48006800E028460446201DFEF7FA
:10B370005BFAA06A18B104F11800FEF755FA211D16
:10B380009948FEF72BFA94F85800012802D10020C2
:10B3900084F8580003F026F99448006828B103F0B7
:10B3A000FAF8FFF71DFC03F01DF989480068844294
:10B3B00029D18E480068D0B18948006808B90120B9
:10B3C00000E0002050B900BF502080F31188BFF387
:10B3D0004F8FBFF36F8F00BF00BFFEE74FF080506D
:10B3E0007E490860BFF34F8FBFF36F8F0BE07E483D
:10B3F00000687F490968884203D1002074490860C9
:10B4000001E0FFF76CFF70BD10B502460020114649
:10B4100052B900BF502383F31188BFF34F8FBFF39E
:10B420006F8F00BF00BFFEE76F4C4B69A34201D195
:10B43000012300E0002373B16E4C8B6AA34201D15B
:10B44000012300E0002333B98B6A0BB9012300E02C
:10B45000002303B1012010BD70B505462C4655B937
:10B4600000BF502080F31188BFF34F8FBFF36F8F61
:10B4700000BF00BFFEE75648006884422AD04CB3A4
:10B4800003F089F82046FFF7BFFF08B3201DFEF741
:10B49000CBF95149E06A0968884202D94E49E06A0D
:10B4A0000860E16A01EB81014A4A02EB8100211D3B
:10B4B000FEF794F94649E06A0968C96A884207D3E9
:10B4C0004FF0805045490860BFF34F8FBFF36F8F37
:10B4D00003F088F870BD2DE9F04106460027344698
:10B4E00056B900BF502080F31188BFF34F8FBFF3D0
:10B4F0006F8F00BF00BFFEE703F0A8F800BF502128
:10B50000EFF3118081F31188BFF34F8FBFF36F8F7B
:10B5100000BF05462046FFF777FF18B330480068A4
:10B52000D8B92B49E06A0968C96A884200D3012763
:10B53000201DFEF779F92849E06A0968884202D996
:10B540002549E06A0860E16A01EB8101214A02EBCA
:10B550008100211DFEF742F904E004F1180125489D
:10B56000FEF73CF900BF85F3118800BF3846BDE8FF
:10B57000F08110B516E003F00EF81F48C068C468EB
:10B58000201DFEF751F91A480068401E184908604E
:10B590001A480068401E1949086003F023F8204645
:10B5A000FFF733FB154800680028E4D110BD00BF49
:10B5B000FFF7DFFF074800680128F9D94FF08050F6
:10B5C00006490860BFF34F8FBFF36F8FF0E70000AD
:10B5D00024000020780100203C00002004ED00E061
:10B5E0005C000020480000202806002040000020C9
:10B5F0003400002000060020140600203000002047
:10B6000010B586B000200590049003AA04A905A8EF
:10B6100002F015FD0022DDE904101346CDE90021FA
:10B620000290F9A1FA48039AFFF74BFAF94908602A
:10B630000846006808B1012400E00024012C02D172
:10B6400001F0A9F80446012C15D100BF502080F369
:10B650001188BFF34F8FBFF36F8F00BF4FF0FF30E4
:10B66000ED4908600120ED4908600020EC490860C0
:10B6700002F0D7FE10E0601C08B1012000E00020BD
:10B6800050B900BF502080F31188BFF34F8FBFF334
:10B690006F8F00BF00BFFEE706B010BD10B500BF42
:10B6A000502080F31188BFF34F8FBFF36F8F00BF1F
:10B6B0000020DA49086002F059FF10BDD849086837
:10B6C000704770B502F0C2FF0025D54804682046D7
:10B6D00070BDD44800687047014611B9D24800686F
:10B6E00000E00846024652B900BF502080F311889E
:10B6F000BFF34F8FBFF36F8F00BF00BFFEE702F1B4
:10B70000340070470246002101E0521C491C1078A9
:10B71000A528FAD0890888B270472DE9F04107467C
:10B720000C4690461E4617B9BF48006800E03846F0
:10B730000546256005F134006060E86A2061286BE9
:10B74000E061686CA060E86C60610020A061052E7B
:10B7500012D0B5480068854202D1002020730FE066
:10B760002673032E0CD1FFF720FCA86A08B1022033
:10B770002073FFF779FB03E02846FFF7A9FC20734D
:10B78000B8F1000F04D0286BFFF7BCFF208401E064
:10B7900000202084BDE8F0812DE9F04707460C46E3
:10B7A00090460026206848B32046416849684160B9
:10B7B00000F1080142688A4202D14168496841604B
:10B7C0004168D1F80C9000BF20464168496841604B
:10B7D00000F1080142688A4202D14168496841602B
:10B7E0004168CD6806EBC60007EB800143460122A5
:10B7F0002846FFF792FF761C4D45E5D13046BDE85F
:10B80000F0872DE9F0410546884616460024382782
:10B81000FFF7CBFB83480068804539D300BF7F1E0C
:10B8200007EB8702814B03EB820104EBC40205EBBB
:10B8300082000122FFF7B0FF0444002FEFD104EB98
:10B84000C40105EB8100022279490968FFF7A4FFD2
:10B85000044404EBC40105EB810002227549096828
:10B86000FFF79AFF044404EBC40105EB81000422B6
:10B870007149FFF791FF044404EBC40105EB81001B
:10B8800003226E49FFF788FF04440EB100203060A8
:10B89000FFF7EAFA2046BDE8F08170B504460025BE
:10B8A0006748006808B9012000E0002050B900BFD7
:10B8B000502080F31188BFF34F8FBFF36F8F00BF0D
:10B8C00000BFFEE7FFF771FB5E48006820445D495A
:10B8D0000860FFF7C9FA0546284670BD70B50446F2
:10B8E0000D4654B900BF502080F31188BFF34F8F2D
:10B8F000BFF36F8F00BF00BFFEE74B4801681831F0
:10B900002046FDF777FF01212846FFF71CFB70BD9D
:10B9100070B504460D46164654B900BF502080F35A
:10B920001188BFF34F8FBFF36F8F00BF00BFFEE7DB
:10B930004348006808B1012000E0002050B900BF72
:10B94000502080F31188BFF34F8FBFF36F8F00BF7C
:10B9500000BFFEE745F0004033490968886132487E
:10B96000016818312046FDF739FF01213046FFF705
:10B97000EAFA70BD70B505460E46144655B900BFCB
:10B98000502080F31188BFF34F8FBFF36F8F00BF3C
:10B9900000BFFEE72448016818312846FDF71EFF66
:10B9A0000CB14FF0FF3621463046FFF7CCFA70BDA0
:10B9B00070B50646F068C46854B900BF502080F3E3
:10B9C0001188BFF34F8FBFF36F8F00BF00BFFEE73B
:10B9D00004F11800FDF728FF19480068B0BB201DCE
:10B9E000FDF722FF1849E06A0968884202D9164922
:10B9F000E06A0860E16A01EB81010C4A02EB810018
:10BA0000211DFDF7EBFE27E049444C4500000000F6
:10BA1000AFB500085800002054000020400000206E
:10BA2000380000203400002024000020780100208D
:10BA3000280000202C0000201406002028060020EA
:10BA40005C000020440000203C000020FFE704F1DF
:10BA50001801FC48FDF7C2FEFB49E06A0968C96AA3
:10BA6000884204D901250120F849086000E000253A
:10BA7000284670BD70B505460E46F548006808B109
:10BA8000012000E0002050B900BF502080F3118851
:10BA9000BFF34F8FBFF36F8F00BF00BFFEE746F0CD
:10BAA00000402860EC6854B900BF502080F3118832
:10BAB000BFF34F8FBFF36F8F00BF00BFFEE7284675
:10BAC000FDF7B2FE201DFDF7AFFEE249E06A09680E
:10BAD000884202D9DF49E06A0860E16A01EB81012E
:10BAE000DD4A02EB8100211DFDF778FED649E06AB0
:10BAF0000968C96A884202D90120D449086070BD2A
:10BB000010B5044654B900BF502080F31188BFF32C
:10BB10004F8FBFF36F8F00BF00BFFEE702F03BFD0A
:10BB2000CE4800682060CE480068606002F05AFD90
:10BB300010BDCA4909680160C94909684160704778
:10BB400070B505460C4655B900BF502080F31188EA
:10BB5000BFF34F8FBFF36F8F00BF00BFFEE754B935
:10BB600000BF502080F31188BFF34F8FBFF36F8F5A
:10BB700000BF00BFFEE702F00EFDB948026868682A
:10BB8000131A2068401C08B9002617E0B34928683A
:10BB90000968884204D06868904201D801260DE007
:10BBA0002068984207D92068C01A20602846FFF70D
:10BBB000C0FF002602E000202060012602F012FDF6
:10BBC000304670BD0120A14908607047014611B19F
:10BBD0000A46906C00E00020704708B1024691646C
:10BBE00070472DE9F041044614B99748006800E019
:10BBF000204607463D6B2846FFF784FD0646304643
:10BC0000BDE8F0819049086870479649096809B90C
:10BC1000012005E08E49096809B9022000E00020F2
:10BC2000704770B505462C460026002D42D0864947
:10BC3000E06A0968C96A884235D2A06900F000400C
:10BC400028B981480068C06AC0F13800A061E16A83
:10BC500001EB8101804A02EB81016069884201D1D8
:10BC6000012000E00020C0B1201DFDF7DDFD764879
:10BC70000068C06AE0627749E06A0968884202D9D0
:10BC80007449E06A0860E16A01EB8101724A02EBE3
:10BC90008100211DFDF7A2FD03E06B480068C06A2A
:10BCA000E062012606E06849E06C0968C96A8842DA
:10BCB00000D20126304670BD70B505462C460026E0
:10BCC000002D43D060480068844201D1012000E08B
:10BCD000002050B900BF502080F31188BFF34F8F70
:10BCE000BFF36F8F00BF00BFFEE7206D50B900BFEC
:10BCF000502080F31188BFF34F8FBFF36F8F00BFC9
:10BD000000BFFEE7206D401E2065E16CE06A8842BE
:10BD10001CD0206DD0B9201DFDF786FDE06CE062DF
:10BD2000E06AC0F13800A0614A49E06A09688842C7
:10BD300002D94849E06A0860E16A01EB8101464A9C
:10BD400002EB8100211DFDF749FD0126304670BD43
:10BD50002DE9F04706460F4634464FF00109002E04
:10BD600055D0206D50B900BF502080F31188BFF32B
:10BD70004F8FBFF36F8F00BF00BFFEE7E06CB8428C
:10BD800001D23D4600E0E56CE06AA8423FD0206D5C
:10BD900001283CD12C480068844201D0012000E0F9
:10BDA000002050B900BF502080F31188BFF34F8F9F
:10BDB000BFF36F8F00BF00BFFEE7D4F82C80E562B1
:10BDC000A06900F0004010B9C5F13800A06108EB8F
:10BDD0008801214A02EB81016069884201D101207A
:10BDE00000E0002098B1201DFDF71EFD1949E06A12
:10BDF0000968884202D91749E06A0860E16A01EBE4
:10BE00008101154A02EB8100211DFDF7E7FCBDE829
:10BE1000F0870D49096888690B490968C96AC1F149
:10BE20003801094A1268916170470748006830B1CB
:10BE30000549096801F15000096D491C016002487B
:10BE40000068704700060020240000204800002001
:10BE50005C0000203C000020780100204C00002005
:10BE6000380000204000002070B506460D4602F064
:10BE700092FBFE480068406D88B90120FB490968C3
:10BE800081F858005DB101212846FFF75CF84FF0BA
:10BE90008050F7490860BFF34F8FBFF36F8F02F0F8
:10BEA000A1FB02F078FBF1480068446D4CB126B16B
:10BEB0000020EE490968486503E0601EEB49096807
:10BEC00048650020E949096881F8580002F08AFBBA
:10BED000204670BD2DE9F0410746884614461D46B0
:10BEE00002F059FBE148006890F85800022818D089
:10BEF000DE49096801F15400496DB9430160012030
:10BF0000DA49096881F858005DB101212846FFF738
:10BF10001AF84FF08050D6490860BFF34F8FBFF337
:10BF20006F8F02F05FFB02F036FB1CB1CF48006858
:10BF3000406D2060CD48006890F85800022801D07C
:10BF4000002608E0C949096801F15400496D21EA59
:10BF50000801016001260020C449096881F85800E1
:10BF600002F040FB3046BDE8F0812DE9F04706467F
:10BF70000D46174698464FF0010A56B900BF5020AB
:10BF800080F31188BFF34F8FBFF36F8F00BF00BFE7
:10BF9000FEE7344602F0FFFAB8F1000F02D0606D00
:10BFA000C8F8000094F85890022084F85800052F33
:10BFB00017D2DFE807F01503070B0D00606D28436B
:10BFC000606521E0606D401C60651DE065651BE0FB
:10BFD000B9F1020F01D0656501E04FF0000A13E0EE
:10BFE00012E0606D401C08B9012000E0002050B94B
:10BFF00000BF502080F31188BFF34F8FBFF36F8FC6
:10C0000000BF00BFFEE700BF00BFB9F1010F32D192
:10C01000201DFDF709FC9749E06A0968884202D9AA
:10C020009449E06A0860E16A01EB8101924A02EBFF
:10C030008100211DFDF7D2FBA06A08B9012000E0B4
:10C04000002050B900BF502080F31188BFF34F8FFC
:10C05000BFF36F8F00BF00BFFEE78449E06A096845
:10C06000C96A884207D94FF0805081490860BFF300
:10C070004F8FBFF36F8F02F0B5FA5046BDE8F087DF
:10C080002DE9F84F07460E4690469946DDF828B050
:10C090000120009057B900BF502080F31188BFF3F2
:10C0A0004F8FBFF36F8F00BF00BFFEE702F0CEFAE5
:10C0B0003C4600BF5021EFF3118081F31188BFF39C
:10C0C0004F8FBFF36F8F00BF0546B9F1000F02D04D
:10C0D000606DC9F8000094F858A0022084F8580058
:10C0E000B8F1050F17D2DFE808F01503070B0D00B4
:10C0F000606D3043606521E0606D401C60651DE04F
:10C1000066651BE0BAF1020F01D0666501E0002010
:10C11000009013E012E0606D401C08B9012000E0BF
:10C12000002050B900BF502080F31188BFF34F8F1B
:10C13000BFF36F8F00BF00BFFEE700BF00BFBAF1C3
:10C14000010F3CD1A06A08B9012000E0002050B9DD
:10C1500000BF502080F31188BFF34F8FBFF36F8F64
:10C1600000BF00BFFEE745480068A0B9201DFDF7ED
:10C170005BFB4049E06A0968884202D93D49E06AB0
:10C180000860E16A01EB81013B4A02EB8100211D5D
:10C19000FDF724FB04E004F118013948FDF71EFB0C
:10C1A0003249E06A0968C96A884208D9BBF1000FC0
:10C1B00002D00120CBF8000001203249086000BF06
:10C1C00085F3118800BF0098BDE8F88F2DE9F04194
:10C1D00005460F4655B900BF502080F31188BFF3C4
:10C1E0004F8FBFF36F8F00BF00BFFEE702F02EFA44
:10C1F0002C4600BF5021EFF3118081F31188BFF36B
:10C200004F8FBFF36F8F00BF064694F8588002200F
:10C2100084F85800606D401C6065B8F1010F48D18A
:10C22000A06A08B9012000E0002050B900BF5020EA
:10C2300080F31188BFF34F8FBFF36F8F00BF00BF34
:10C24000FEE70E48006818BB201DFDF7EDFA09490E
:10C25000E06A0968884202D90649E06A0860E16A32
:10C2600001EB8101044A02EB81000DE02400002073
:10C2700004ED00E03C000020780100205C0000207C
:10C280000006002048000020211DFDF7A7FA04E069
:10C2900004F118012148FDF7A1FA2149E06A096873
:10C2A000C96A884205D90FB10120386001201D49B3
:10C2B000086000BF86F3118800BFBDE8F08170B54B
:10C2C000054615B91648006800E02846064602F003
:10C2D00062F996F85800022804D1002086F8580028
:10C2E000012400E0002402F07DF9204670BD2DE914
:10C2F000F04104460D4614B90948006800E02046A4
:10C30000064602F048F906480068476D706DA8437C
:10C31000706502F067F93846BDE8F081000600203C
:10C3200024000020480000202DE9F04104460D467D
:10C3300016461F464FF0000865602461B5420CD8D0
:10C34000F01BA169884202D34FF0010811E0211DC2
:10C35000FE480068FDF74EFA0BE0BE4204D2BD4233
:10C3600002D34FF0010804E0211DF9480068FDF7F1
:10C3700041FA4046BDE8F0812DE9FF4704460D46ED
:10C3800016461F46DDF830804FF0000954B900BF53
:10C39000502080F31188BFF34F8FBFF36F8F00BF22
:10C3A00000BFFEE7EB48006810B3009501960294C9
:10C3B000062D15DAFFF729FC022808D10023424692
:10C3C0006946E4480068FDF7CBFB814610E0002396
:10C3D0001A466946DF480068FDF7C2FB814607E060
:10C3E00000233A466946DB480068FDF782FE814635
:10C3F000484604B0BDE8F0872DE9F84334E0D4485E
:10C400000068C0680568D2480068C068C468201D1C
:10C41000FDF70AFA2046216A884794F8280000F0C0
:10C42000040008B3A0694619AE4207D966602461CA
:10C43000211DC7480068FDF7DDF915E0002003461F
:10C440002A46014600902046FFF796FF074657B957
:10C4500000BF502080F31188BFF34F8FBFF36F8F61
:10C4600000BF00BFFEE700BFB9480068006808B918
:10C47000012000E000200028C1D0B548D0F800809D
:10C48000B2480068B2490860B048C0F80080BDE812
:10C49000F88370B50446FFF711F90546AE48006809
:10C4A000854204D2FFF7A8FF0120206001E00020B0
:10C4B0002060A9480560284670BDF0B587B0A0E0AF
:10C4C0000398002811DA04AE56B900BF502080F35B
:10C4D0001188BFF34F8FBFF36F8F00BF00BFFEE720
:10C4E000D6E90020B168904700BF03980028E6DB3A
:10C4F000059C606908B9012000E0002010B9201DEA
:10C50000FDF792F902A8FFF7C4FF054603980A2831
:10C5100075D2DFE800F009050739416306083A42A1
:10C5200000BF00BF00BF00BF94F8280040F001002A
:10C5300084F828000498A269811803462A462046F8
:10C54000FFF7F2FEF8B12046216A884794F82800E8
:10C5500000F00400B8B1002000900498A1694218CE
:10C56000002319462046FFF707FF074657B900BFCB
:10C57000502080F31188BFF34F8FBFF36F8F00BF40
:10C5800000BFFEE700BF3BE000BF94F8280020F0AA
:10C59000010084F8280033E000BF94F8280040F040
:10C5A000010084F828000498A061A06908B1012066
:10C5B00000E0002050B900BF502080F31188BFF385
:10C5C0004F8FBFF36F8F00BF00BFFEE7A069411917
:10C5D0002B462A462046FFF7A7FE11E094F82800D4
:10C5E00000F0020018B9204601F042FE05E094F880
:10C5F000280020F0010084F8280001E0FFE700BFD8
:10C6000000BF002203A953480068FDF775FE00280B
:10C610007FF456AF07B0F0BDF8B505460F464C485D
:10C620000068C068C468201DFDF7FEF894F8280073
:10C6300000F00400E8B1A06941192B463A462046B3
:10C64000FFF772FED8B1002003462A46014600904B
:10C650002046FFF791FE064656B900BF502080F3F2
:10C660001188BFF34F8FBFF36F8F00BF00BFFEE78E
:10C6700005E094F8280020F0010084F82800204606
:10C68000216A8847F8BDF8B505460C46FEF78DFCD3
:10C690006846FFF7FEFE0646009820BB44B9B54247
:10C6A00006D8FEF7E1FB31462846FFF7B5FF1CE050
:10C6B0003CB126480068006808B9012000E000206D
:10C6C0000446A91B224623480068FEF703F9FEF73B
:10C6D000CBFB50B94FF0805020490860BFF34F8F1B
:10C6E000BFF36F8F01E0FEF7BFFBF8BD0146184AAC
:10C6F000126812680AB9012200E000220A600A6882
:10C7000022B9134A1268D268106800E0002070470E
:10C7100008B500BF6846FFF7E9FF044620460099C8
:10C72000FFF7B1FFFFF7C9FEF4E708B501F033FFEB
:10C730000848006860BB0A48FDF740F80948FDF763
:10C740003DF807480249086006480DE064000020F3
:10C7500060000020680000207000002004ED00E070
:10C760003C06002050060020ED4908600020ED4BFB
:10C77000ED4A102100900A20FDF7C8F8EB49086047
:10C780000846006820B1EAA1E8480068FEF77CF896
:10C7900001F028FF08BD10B586B00024FFF7C5FFE3
:10C7A000E2480068D0B100200590049003AA04A9D3
:10C7B00005A801F04BFC0222DDE904100023CDE9BD
:10C7C00000210290DCA1DE48039AFEF77AF9DD49E8
:10C7D00008600846006800B1012400BF54B900BFDA
:10C7E000502080F31188BFF34F8FBFF36F8F00BFCE
:10C7F00000BFFEE7204606B010BD2DE9F047064613
:10C800000D4617469846DDE908940DB1012000E079
:10C81000002050B900BF502080F31188BFF34F8F24
:10C82000BFF36F8F00BF00BFFEE78CB1FFF77DFF46
:10C830002660A561C4F81C80C4F82090201DFCF778
:10C84000CAFF2FB194F8280040F0040084F82800B3
:10C85000BDE8F0872DE9FC4705460E461746984689
:10C86000DDF828902C2001F06AFC044654B1002029
:10C8700084F8280043463A4631462846CDE90094DC
:10C88000FFF7BBFF2046BDE8FC872DE9FC470646C5
:10C890000F4690469946DDE90AA52C2001900198A3
:10C8A0002C2801D1012000E0002050B900BF502009
:10C8B00080F31188BFF34F8FBFF36F8F00BF00BFAE
:10C8C000FEE700BF55B900BF502080F31188BFF3C9
:10C8D0004F8FBFF36F8F00BF00BFFEE72C4654B1F0
:10C8E000022084F828004B46424639463046CDE9BE
:10C8F00000A4FFF782FF2046BDE8FC87914800684E
:10C9000008B1012000E0002050B900BF502080F3A2
:10C910001188BFF34F8FBFF36F8F00BF00BFFEE7DB
:10C9200088480068704701460A4651B900BF502048
:10C9300080F31188BFF34F8FBFF36F8F00BF00BF2D
:10C94000FEE79069704770B505460E462C4655B90E
:10C9500000BF502080F31188BFF34F8FBFF36F8F5C
:10C9600000BF00BFFEE701F016FE36B194F82800C4
:10C9700040F0040084F8280005E094F8280020F036
:10C98000040084F8280001F02DFE70BD70B5044647
:10C99000264654B900BF502080F31188BFF34F8F53
:10C9A000BFF36F8F00BF00BFFEE701F0F4FD96F804
:10C9B000280000F0040008B9002500E0012501F07E
:10C9C00011FE284670BD10B501460A4651B900BF98
:10C9D000502383F31188BFF34F8FBFF36F8F00BFD6
:10C9E00000BFFEE7506810BD01460A4651B900BFBE
:10C9F000502080F31188BFF34F8FBFF36F8F00BFBC
:10CA000000BFFEE71068704770B50446264654B96B
:10CA100000BF502080F31188BFF34F8FBFF36F8F9B
:10CA200000BF00BFFEE701F0B6FD96F8280000F059
:10CA3000010008B9002500E0012501F0D3FD2846DA
:10CA400070BD70B50446254654B900BF502080F330
:10CA50001188BFF34F8FBFF36F8F00BF00BFFEE79A
:10CA600001F099FDEE6901F0BDFD304670BD70B575
:10CA700004460D46264654B900BF502080F3118865
:10CA8000BFF34F8FBFF36F8F00BF00BFFEE701F012
:10CA900082FDF56101F0A6FD70BD2DE9FF41044660
:10CAA0000D4616461F466FF0010000900194029556
:10CAB000039600233A4669461C480068FDF719FBB7
:10CAC0008046404604B0BDE8F0812DE9FF410446B0
:10CAD0000D4616461F461548006850B900BF502045
:10CAE00080F31188BFF34F8FBFF36F8F00BF00BF7C
:10CAF000FEE74FF0FF30009001940295039600236B
:10CB00003A46694609480068FDF72AF880464046DB
:10CB100004B0BDE8F0810146486A70474162704741
:10CB20006400002064060020B40600206800002095
:10CB3000546D725100000000546D722053766300F2
:10CB400011C700086C00002010B54FF0E02000690C
:10CB5000FFF75BF8012801D001F060FD10BD10B5B2
:10CB600001F07CFA10B16FF0050409E0F9480068A3
:10CB700020B90120F7490860002401E04FF0FF349C
:10CB8000204610BD70B504460D46164614B1F24855
:10CB90002060606045B13EB1112E00D911263246A9
:10CBA000EEA1284601F03FFE002070BD10B5FFF752
:10CBB0002CF828B1012806D0022803D102240AE06B
:10CBC000032408E000BFE3480068012801D10124E4
:10CBD00000E0002400BF00BF204610BD70B501F08A
:10CBE0003DFA10B16FF005041FE0DA480068012833
:10CBF00019D100BF801F0021002804DB0A07130E93
:10CC0000DB4A135406E00A07150EDA4A00F00F0358
:10CC10001B1FD55400BF00BF0220CE490860FEF79D
:10CC2000EFFC002401E04FF0FF34204670BD10B54A
:10CC300001F014FA10B16FF0050412E0FEF7E5FF01
:10CC400020B1012809D0022806D101E0012407E023
:10CC5000FEF7ABF9002403E000BF4FF0FF3400BF44
:10CC600000BF204610BD10B501F0F8F910B16FF00B
:10CC7000050418E0FEF7C9FF20B101280FD00228F3
:10CC80000CD109E00124FEF7EFF8012803D0FEF7EC
:10CC9000BCFF00B9A41E05E0002403E000BF4FF074
:10CCA000FF3400BF00BF204610BD10B5044601F0A0
:10CCB000D5F910B16FF0050421E0FEF7A6FF20B111
:10CCC000012818D0022815D100E000BF012C02D1A4
:10CCD000FEF76BF90DE014B14FF0FF3409E0FEF7F9
:10CCE000C3F8012805D0FEF790FF022801D04FF0CD
:10CCF000FF3403E000BF4FF0FF3400BF00BF204609
:10CD000010BD10B501F0AAF918B1FEF7DAFC04461F
:10CD100002E0FEF7D3FC0446204610BD4FF47A70C3
:10CD200070474FF0E02041698069081A70474FF062
:10CD3000E0200069C0F3004070474FF0E0204069F8
:10CD4000401C704770B500BFEFF3108018B900BFEA
:10CD5000EFF3118008B1012000E00020064672B612
:10CD6000FEF7ACFC0446FFF7DCFF0546FFF7DFFFEC
:10CD700018B1FFF7D6FF0546641CFFF7DEFF04FB82
:10CD8000005506B962B6284670BD7B4800687047FA
:10CD90002DE9FF478046894614460020039001F0A4
:10CDA0005DF900284ED1B8F1000F4BD08026182530
:10CDB0008246471E44B3206808B1D4F800A0A06999
:10CDC00000B1A5692DB1382D03D8207900F00100FC
:10CDD00018B1002004B0BDE8F087606908B160694F
:10CDE0008608A06840B1E0685C2805D3206918B1C6
:10CDF000606908B1012708E0A06830B9E06820B98F
:10CE0000206910B9002700E00027012F0CD121690B
:10CE1000A0684B463246CDE900510290514640464B
:10CE2000FDF74FFE03900DE067B903A8B2B24B4681
:10CE30005146CDE900504046FDF7A0FE012801D043
:10CE4000002003900398C5E770B505462E4601F013
:10CE500005F900B90EB9002403E03046FEF73CFCAA
:10CE60000446204670BD10B5FEF7CCFE04462046B1
:10CE700010BD70B505462E4601F0F0F800B916B9A0
:10CE80004FF0FF3417E03046FEF722F906280DD2A6
:10CE9000DFE800F0030507080A0D02240AE0012478
:10CEA00008E000BF032405E0042403E000BF4FF0C6
:10CEB000FF3400BF00BF204670BD70B505462E464A
:10CEC00001F0CCF800B90EB9002403E03046FEF7BB
:10CED00088FE8400204670BD2DE9F04107460D46CE
:10CEE0003E4601F0BBF810B16FF005040CE01EB136
:10CEF000012D01DB382D02DD6FF0030404E0002476
:10CF000029463046FEF773F92046BDE8F08170B53A
:10CF100005462E4601F0A2F800B916B94FF0FF34CD
:10CF200003E03046FEF714F90446204670BD10B504
:10CF300001F094F810B16FF0050409E000244FF0FF
:10CF400080500C4914390860BFF34F8FBFF36F8FC7
:10CF5000204610BD7400002031F5F5054672656568
:10CF600052544F53205631302E332E3100000000E2
:10CF700000E400E018ED00E02000002070B5054658
:10CF80002E4601F06BF810B16FF0050407E016B9FA
:10CF90006FF0030403E000243046FEF7DDF920467D
:10CFA00070BD70B505462E4601F058F810B16FF00F
:10CFB000050407E016B96FF0030403E000243046CF
:10CFC000FEF74AFA204670BD0020FDF746FE00BF7E
:10CFD000FEE72DE9F0410646374601F03FF810B173
:10CFE0006FF0050410E017B96FF003040CE0384649
:10CFF000FEF76EF80546042D04D000243846FDF7F0
:10D000002CFE01E06FF002042046BDE8F08110B56F
:10D0100001F024F808B1002402E0FEF75AFB0446B0
:10D02000204610BD2DE9F0410746884601F016F86C
:10D0300018B917B1B8F1000F01D1002524E0FDF7B0
:10D04000B4FFFEF746FB054605EBC501880001F07D
:10D0500076F806469EB1002229463046FEF7D1FBFF
:10D060000546002406E004EBC40056F8200047F80B
:10D070002400641CAC4201D24445F4D32546FDF79C
:10D08000F3FE304601F0F4F82846BDE8F081FEB525
:10D0900004460D46264616B105F0004018B16FF063
:10D0A000030002902EE04FF0FF30029000F0D6FF18
:10D0B000E0B10020019001A8002301222946009040
:10D0C0003046FEF7DDFF002002AB0246014600902D
:10D0D0003046FEF7D5FF0198A0B14FF08050F949D6
:10D0E0000860BFF34F8FBFF36F8F0BE00023012267
:10D0F00029463046FEF739FF02AB00221146304682
:10D10000FEF733FF0298FEBDF8B5054600F0A6FF16
:10D1100010B16FF0050421E005F0004010B16FF090
:10D1200003041BE0FEF76EFD06466B460022114627
:10D130003046FEF71AFF01280ED1009C0098A84344
:10D1400000900023032230460099FEF70EFF0128CD
:10D1500004D04FF0FF3401E04FF0FF342046F8BD1B
:10D1600038B500F07BFF18B16FF0050000900DE0BE
:10D17000FEF748FD04466B46002211462046FEF7A6
:10D18000F4FE012802D04FF0FF300090009838BD27
:10D190002DE9FC5F05468946164600F05FFF10B199
:10D1A0006FF005044AE005F0004010B16FF0030491
:10D1B00044E009F00200022802D14FF0000A00E02A
:10D1C000AA4600243746FEF779FA009000BF3B4696
:10D1D00001AA51460020FEF77DFE8046B8F1010FFE
:10D1E00022D12C400198044309F0010040B105EA26
:10D1F0000400A84200D120E056B96FF002041CE000
:10D2000005EA040000B118E016B96FF0020414E05A
:10D21000FEF754FA0099A0EB010BBB4501D900279A
:10D2200008E0A7EB0B0705E016B96FF0020401E078
:10D230006FF00104B8F1000FC9D100BF2046BDE86E
:10D24000FC9F70B5054600F009FF10B16FF00504B2
:10D2500004E0002415B12846FDF711FF204670BDFB
:10D26000F8B5064600F0FAFE10B16FF005050FE0C4
:10D270000025FEF723FA00900098341A34B1E00F2D
:10D2800020B921466846FDF796FE01E06FF00305E0
:10D290002846F8BD70B505462846FFF7D2FB044680
:10D2A00014B1D4E90010884770BD2DE9FE4F064641
:10D2B000894692461C460020029000F0CFFE0028CE
:10D2C0004BD1002E49D0082000F039FF0546002D33
:10D2D00043D02E60C5F804A0B9F1000F01D100279A
:10D2E00000E001274FF0FF384FF0000B94B12068A9
:10D2F00008B1D4F800B0A06828B1E0682C2802D3A7
:10D300004FF0010808E0A06830B9E06820B94FF09C
:10D31000000801E04FF00008B8F1010F0BD16A4995
:10D32000A0682B463A46CDE9001001215846FFF788
:10D33000ACFA02900BE0B8F1000F08D162482B461E
:10D340003A46012100905846FFF784FA029002986D
:10D3500018B915B1284600F08BFF0298BDE8FE8F82
:10D3600070B505462E4600F079FE00B90EB90024CE
:10D3700003E03046FFF738FB0446204670BDF8B5A1
:10D3800005460E462F4600F069FE10B16FF0050409
:10D3900011E017B96FF003040DE000200346324698
:10D3A000042100903846FEF7E7FF012801D1002450
:10D3B00001E06FF002042046F8BDF8B505462E46A0
:10D3C00000F04CFE10B16FF0050418E016B96FF0D4
:10D3D000030414E03046FFF717FB10B96FF00204A6
:10D3E0000DE0002003460246032100903046FEF780
:10D3F000C3FF012801D1002401E04FF0FF34204693
:10D40000F8BD70B505462E4600F028FE00B90EB9ED
:10D41000002403E03046FFF7F7FA0446204670BDCB
:10D42000F8B505462E4600F019FE10B16FF0050460
:10D4300018E016B96FF0030414E03046FFF701FB63
:10D440000746002003460246052100903046FEF7BD
:10D4500093FF012804D1384600F00AFF002401E0C0
:10D460006FF002042046F8BD70B50446002600F0B7
:10D47000F5FDD0B9751E64B1A06820B1E068202820
:10D4800001D3012506E0A06820B9E06810B90025A5
:10D4900000E00025012D04D1A068FBF707FF064638
:10D4A00003E015B9FBF72FFF0646304670BDF8B50F
:10D4B00005460E462F4617B106F07F4030B16FF09B
:10D4C000030422E004ED00E095D2000800F0C6FD60
:10D4D000B0B1002000906A4631463846FCF753F957
:10D4E00010B96FF0020410E03446009868B14FF0B4
:10D4F0008050F7490860BFF34F8FBFF36F8F04E090
:10D5000031463846FBF70EFF04462046F8BD2DE9AC
:10D51000F04105460E462F4617B106F07F4010B188
:10D520006FF0030413E000F099FD58B13846FCF7A2
:10D53000E1F8044631463846FCF7CFF838B96FF0C9
:10D54000020404E031463846FCF791F804462046D0
:10D55000BDE8F08170B505462E460DB900240CE0FB
:10D5600000F07CFD20B13046FCF7C4F8044604E02E
:10D5700000213046FCF77BF80446204670BD2DE9BB
:10D58000F84F80460D4616461F46C346BBF1000FB6
:10D5900002D005F07F4010B16FF0030434E000F0DA
:10D5A0005DFD10B16FF005042EE006F0010010B132
:10D5B0004FF0010901E04FF0000906F0020010B140
:10D5C0004FF0000A01E04FF0010A4B46524629464F
:10D5D00058460097FBF7A2FF044606F0010050B141
:10D5E00005EA0400A8420FD017B16FF001040BE068
:10D5F0006FF0020408E005EA040028B917B16FF0E3
:10D60000010401E06FF002042046BDE8F88F70B518
:10D6100005462E4600F022FD10B16FF0050407E02C
:10D6200016B96FF0030403E000243046FCF778F8E5
:10D63000204670BD2DE9F0470446002600F00EFD9F
:10D6400000284DD10CB1676800E0002707F0010009
:10D6500008B1012500E0002507F0080008283FD0A8
:10D660004FF0FF3874B1A06828B1E068502802D3A9
:10D670004FF0010808E0A06830B9E06820B94FF029
:10D68000000801E04FF00008B8F1010F0CD12DB1F6
:10D690000420A168FCF759FB064612E00120A168AE
:10D6A000FCF753FB06460CE0B8F1000F09D125B199
:10D6B0000420FCF739FB064603E00120FCF734FBAD
:10D6C00006464EB114B1D4F8009001E04FF00009C5
:10D6D00049463046FDF7D8F816B10DB146F00106BF
:10D6E0003046BDE8F0872DE9F04104460D4624F0B0
:10D6F000010604F00108002700F0B0FC08B1BF1FCC
:10D700001FE016B96FF003071BE0B8F1000F0CD053
:10D7100029463046FCF763FC012812D015B16FF0A2
:10D7200001070EE06FF002070BE029463046FCF7D8
:10D730007DFB012805D015B16FF0010701E06FF006
:10D7400002073846BDE8F0812DE9F041044624F097
:10D75000010504F00107002600F080FC08B1B61FA7
:10D7600016E015B96FF0030612E03FB12846FCF74A
:10D7700022FB01280CD06FF0020609E000231A46B4
:10D7800019462846FCF7ECF9012801D06FF0020693
:10D790003046BDE8F08170B5054625F0010600F081
:10D7A0005DFC00B90EB9002403E03046FCF7E2FA54
:10D7B0000446204670BD70B5054625F0010600F010
:10D7C0004DFC10B16FF005040AE016B96FF00304C8
:10D7D00006E03046FCF7F4FF00243046FDF706F87B
:10D7E000204670BD2DE9F84305460F4614464FF01C
:10D7F000000800F033FC002857D1002D55D0AF426F
:10D8000053D8461E64B1A06820B1E068502801D307
:10D81000012606E0A06820B9E06810B9002600E003
:10D820000026701C002840D0012D23D1012E09D1E3
:10D8300003200090002211460120A368FCF766F83F
:10D84000804605E0032200210120FCF7CFF8804646
:10D85000B8F1000F1CD0DFB100231A46194640462C
:10D86000FCF77EF9012813D04046FCF7BFFF4FF0CC
:10D8700000080DE0012E06D139462846A268FCF7C3
:10D88000D5FB804604E039462846FCF701FC80467B
:10D89000B8F1000F09D014B1D4F8009001E04FF0B6
:10D8A000000949464046FCF7EFFF4046BDE8F883D3
:10D8B000F8B504460D46264600270EB93F1F2CE05A
:10D8C00000F0CCFBE8B12DB16FF0030725E00000BC
:10D8D00004ED00E0002000906A4600213046FCF78D
:10D8E00072FE012802D06FF0020716E00098A0B186
:10D8F0004FF08050F8490860BFF34F8FBFF36F8F30
:10D900000BE029463046FCF791FA012805D015B105
:10D910006FF0010701E06FF002073846F8BDF8B577
:10D920000446254600260DB9361F22E000F096FB7E
:10D93000A8B10020009069462846FCF758FC012851
:10D9400002D06FF0020614E0009890B14FF08050C2
:10D95000E1490860BFF34F8FBFF36F8F09E00023E9
:10D960001A4619462846FCF7FBF8012801D06FF04B
:10D9700002063046F8BD70B505462E460EB90024A5
:10D980000BE000F06BFB20B13046FCF708FF0446CB
:10D9900003E03046FCF7D4FE0446204670BD70B567
:10D9A00005462E4600F05AFB10B16FF005040AE060
:10D9B00016B96FF0030406E03046FCF701FF0024BF
:10D9C0003046FCF713FF204670BD2DE9F8430546AD
:10D9D0000E4614464FF0000900F040FB00283ED1EF
:10D9E000002D3CD0002E3AD0471EBCB1A06858B1E3
:10D9F000E068502808D3206930B105FB06F0616962
:10DA0000814201D301270AE0A06840B9E06830B93B
:10DA1000206920B9606910B9002700E00027012FB4
:10DA200009D10020009031462846A3682269FBF7FF
:10DA30006DFF814606E02FB9002231462846FBF7EC
:10DA4000D5FF8146B9F1000F09D014B1D4F8008098
:10DA500001E04FF0000841464846FCF715FF4846F4
:10DA6000BDE8F8832DE9F84307460D4691461C466C
:10DA70003E464FF0000800F0F1FAE8B10EB105B1F2
:10DA800014B16FF003082AE00020009000236A46DA
:10DA900029463046FCF72DFB012802D06FF0020822
:10DAA0001DE00098D8B14FF080508B490860BFF35B
:10DAB0004F8FBFF36F8F12E006B115B96FF00308F7
:10DAC0000DE00023224629463046FCF749F801289C
:10DAD00005D014B16FF0010801E06FF00208404674
:10DAE000BDE8F8832DE9F84307460D4691461C46EC
:10DAF0003E464FF0000800F0B1FAE0B10EB105B1BA
:10DB000014B16FF0030828E0002000906A4629460F
:10DB10003046FCF758FD012802D06FF002081CE0E7
:10DB20000098D0B14FF080506B490860BFF34F8F21
:10DB3000BFF36F8F11E006B115B96FF003080CE069
:10DB4000224629463046FCF7D7FB012805D014B100
:10DB50006FF0010801E06FF002084046BDE8F8836D
:10DB600001460A460AB9002000E0D06B7047014622
:10DB70000A460AB9002000E0106C704770B50546EF
:10DB80002E460EB900240BE000F068FA20B13046B2
:10DB9000FCF705FE044603E03046FCF7D1FD0446E1
:10DBA000204670BD2DE9F04107463D460DB90026DF
:10DBB0001AE000F053FA98B100BF5021EFF3118042
:10DBC00081F31188BFF34F8FBFF36F8F044600BFFF
:10DBD000D5E90E10461A00BF84F3118800BF03E098
:10DBE0002846FCF7C2FD06463046BDE8F08170B518
:10DBF00005462E4600F032FA10B16FF0050408E039
:10DC000016B96FF0030404E0002400213046FBF74E
:10DC10001FFE204670BD70B505462E4600F01EFA68
:10DC200010B16FF005040AE016B96FF0030406E0C6
:10DC30003046FCF7C5FD00243046FCF7D7FD2046F2
:10DC400070BD2DE9F05F06460F46154600F006FA56
:10DC500008B100247CE006B10FB9002478E000246C
:10DC6000F81C8008800000FB06F9A3464FF0FF383F
:10DC70004FF0FF3A25B3286808B1D5F800B0A8687E
:10DC800028B1E868742802D34FF0010805E0A868BD
:10DC900018B9E86808B94FF00008286920B9686920
:10DCA00010B94FF0000A0EE0286960B1287C00F03E
:10DCB000030040B96869484505D34FF0010A02E006
:10DCC0004FF00008C246B8F1000F07D1742000F0F1
:10DCD00036FA044603E0000004ED00E0AC6894B1BD
:10DCE00004F1240231463046FCF7A0F96060606818
:10DCF00048B1BAF1000F04D1484600F020FAA06004
:10DD000001E02869A060DCB1A068C8B100202060F3
:10DD1000C4F80C90C4F810B06761A661E061D14806
:10DD20002062B8F1000F03D1206A40F001002062A8
:10DD3000BAF1000F0CD1206A40F00200206207E027
:10DD4000B8F1000F03D114B1204600F091FA00247D
:10DD50002046BDE8F09F70B505462E4600F07EF9DE
:10DD600008B1002403E00DB9002400E03469204626
:10DD700070BD10B501460020D1E906329A4207D2A3
:10DD8000CC694B698A6803FB0420CA69521CCA61CA
:10DD900010BD014600200A6812B1086802680A60D6
:10DDA00070472DE9F041074688460FB900254AE043
:10DDB00000253C46206AAB490840884243D100F028
:10DDC0004DF940B3B8F1000F3DD100221146606813
:10DDD000FCF7F9FB012836D1206AA24908408842A5
:10DDE00031D100BF5021EFF3118081F31188BFF3CF
:10DDF0004F8FBFF36F8F00BF06462046FFF7C9FF66
:10DE000005461DB92046FFF7B4FF054600BF86F35F
:10DE1000118800BF17E041466068FCF707F8012849
:10DE200011D1206A8F49084088420CD100F0B3FB21
:10DE30002046FFF7AEFF05461DB92046FFF799FFC4
:10DE4000054600F0CFFB2846BDE8F0810A4603688E
:10DE50001360026070472DE9F8430746884617B102
:10DE6000B8F1000F02D16FF003055CE03C46206A78
:10DE70007C490840884202D06FF0020553E0A06858
:10DE8000404505D8D4E90210401E0844404502D25E
:10DE90006FF0030547E0002500F0E0F860B360682C
:10DEA000FCF77DFCA169884201D1ED1E3BE000BF7B
:10DEB0005021EFF3118081F31188BFF34F8FBFF32F
:10DEC0006F8F064600BF41462046FFF7BFFF00BFE9
:10DED00086F3118800BF0020009069466068FCF757
:10DEE00086F90098F8B14FF080505F490860BFF3A1
:10DEF0004F8FBFF36F8F16E06068FCF721FCA169BC
:10DF0000884202D16FF002050DE000F044FB41466B
:10DF10002046FFF79BFF00F065FB00231A461946D9
:10DF20006068FBF71DFE2846BDE8F88310B5014682
:10DF300009B9002008E00A46136A4A4C2340A3426C
:10DF400001D0002000E0906910BD10B5014609B96C
:10DF5000002008E00A46136A424C2340A34201D045
:10DF6000002000E0506910BD70B506460EB90024CF
:10DF700015E03546286A3B490840884201D0002414
:10DF80000DE000F06BF820B16868FCF708FC04466F
:10DF900003E06868FCF7D4FB0446A869041B20462C
:10DFA00070BD70B505460DB9002413E02E46306AE9
:10DFB0002C490840884201D000240BE000F04EF8C4
:10DFC00020B17068FCF7EBFB044603E07068FCF7D7
:10DFD000B7FB0446204670BD70B5054615B96FF015
:10DFE00003062AE000F03AF810B16FF0050624E0CD
:10DFF0002C4600F0D0FA206A00F00300206200BF37
:10E0000000231A4619466068FBF7AAFD0128F7D0DD
:10E01000002020606061A061206A00F0020010B161
:10E02000A06800F025F9206A00F0010010B1204638
:10E0300000F01EF900F0D6FA0026304670BD0B4BFA
:10E0400003600B4B0B60802313607047094B036028
:10E05000094B0B604FF4807313607047EFF305803A
:10E06000704700000000ED5E04ED00E05407002062
:10E07000B0070020B00900200C0A002010B50146AE
:10E08000BE4800E0006803688B42FBD30246436849
:10E0900013448B4204D143684C68234443600146D7
:10E0A0000A464B6813440468A34211D1B44C036878
:10E0B0002468A34208D04B680468646823444B601A
:10E0C00003681B680B6005E0AD4B1B680B6001E04B
:10E0D00003680B60884200D0016010BD30B54FF47A
:10E0E0007053A84800F007042CB1C01D20F00700B1
:10E0F000A44C041B1B1B0246A04C226000249F4D15
:10E100006C60D018083820F007009D4C2060002477
:10E110009B4D2D686C609A4D2D682C601146441AF9
:10E120004C60974C24680C60974D4C682C60974D60
:10E130004C682C604FF00044954D2C6030BD2DE9AB
:10E14000F04104464FF00008FCF72FFF8C480068B0
:10E1500008B9FFF7C3FF8E4800682040002870D13F
:10E16000D4B1083404F00700B0B104F00700C0F1E6
:10E170000800044404F0070008B9012000E0002072
:10E1800050B900BF502080F31188BFF34F8FBFF309
:10E190006F8F00BF00BFFEE7002C52D07B480068A5
:10E1A00084424ED8754E3046056801E02E462D68F3
:10E1B0006868A04202D228680028F7D17048006839
:10E1C00085423ED0306800F10808286830606868F1
:10E1D000001B102819D92F1907F0070008B90120D2
:10E1E00000E0002050B900BF502080F31188BFF339
:10E1F0004F8FBFF36F8F00BF00BFFEE76868001B43
:10E2000078606C603846FFF739FF604968680968D4
:10E21000081A5E490860084600685B490968884238
:10E2200003D25A4800685849086059496868096823
:10E23000084368600020286056480068401C554923
:10E240000860FCF711FE08F0070008B9012000E0A3
:10E25000002050B900BF502080F31188BFF34F8FCA
:10E26000BFF36F8F00BF00BFFEE74046BDE8F081FF
:10E2700070B506463546002E44D0083D2C4644492C
:10E2800060680968084008B1012000E0002050B92A
:10E2900000BF502080F31188BFF34F8FBFF36F8F03
:10E2A00000BF00BFFEE7206808B9012000E00020A1
:10E2B00050B900BF502080F31188BFF34F8FBFF3D8
:10E2C0006F8F00BF00BFFEE73149606809680840F2
:10E2D000C0B12068B0B92E496068096888436060A1
:10E2E000FCF763FE2949606809680844274908600B
:10E2F0002046FFF7C3FE28480068401C26490860F6
:10E30000FCF7B2FD70BD2148006870471E480068E8
:10E31000704770472DE9F04104464FF00008002691
:10E32000771EFCF742FE154805687DB100BF08F175
:10E3300001086868B04200D96E686868B84200D2C7
:10E340006F682D680E4800688542F0D1FCF78CFD9F
:10E350006660A760C4F80C8000F01DF90B480068E7
:10E3600020600C48006860610B480068A0610648A6
:10E370000068206100F036F9BDE8F08178000020E7
:10E38000800000200C0E0020880000208400002067
:10E39000940000208C00002090000020C6480068F7
:10E3A000401C08B9012000E0002050B900BF5020F7
:10E3B00080F31188BFF34F8FBFF36F8F00BF00BF93
:10E3C000FEE700BF502080F31188BFF34F8FBFF3EB
:10E3D0006F8F00BF00BFFEE7001F4FF08073036028
:10E3E000001F21F001030360001FB44B03601438C9
:10E3F0000260001F6FF002030360203870470020A6
:10E400004FF0E02108618861AD4800684FF47A71EF
:10E41000B0FBF1F0401E4FF0E02148610720086199
:10E4200070471CB5A7480068A749884201D0012061
:10E4300000E0002050B900BF502080F31188BFF3E6
:10E440004F8FBFF36F8F00BF00BFFEE79D4800688E
:10E450009D49491E884201D0012000E0002050B9AA
:10E4600000BF502080F31188BFF34F8FBFF36F8F31
:10E4700000BF00BFFEE79549084600780190FF20E5
:10E480000A4610700846007800909DF8000000F0E1
:10E49000F0009DF80020904201D1012000E0002012
:10E4A00050B900BF502080F31188BFF34F8FBFF3E6
:10E4B0006F8F00BF00BFFEE79DF8000000F0500026
:10E4C000834A10700720834A106009E08148006881
:10E4D000401E804A10609DF800004006000E00902B
:10E4E0009DF8000000F080008028EFD07948006897
:10E4F000C0F10700042801D1012000E0002050B93C
:10E5000000BF502080F31188BFF34F8FBFF36F8F90
:10E5100000BF00BFFEE76F48006800026D4A106050
:10E520001046008800F4E0601060684A019810709E
:10E5300064482030006840F470006249203108606F
:10E540000846006840F070400860FFF758FF002060
:10E5500059490860F1F750FE5F48006840F04040BC
:10E560005D490860F1F734FE00201CBD5248006888
:10E57000B0F57A7F01D1012000E0002050B900BF42
:10E58000502080F31188BFF34F8FBFF36F8F00BF10
:10E5900000BFFEE7704700BF502080F31188BFF333
:10E5A0004F8FBFF36F8F00BF43480068401C424944
:10E5B000086008460068012813D14248001D006821
:10E5C000C0B208B9012000E0002050B900BF5020BF
:10E5D00080F31188BFF34F8FBFF36F8F00BF00BF71
:10E5E000FEE770473448006850B900BF502080F300
:10E5F0001188BFF34F8FBFF36F8F00BF00BFFEE7DF
:10E600002D480068401E2C4908600846006820B963
:10E61000002080F3118800BF00BF704710B500BF15
:10E62000502080F31188BFF34F8FBFF36F8F00BF6F
:10E63000FCF767FB20B14FF080502249091D0860AC
:10E6400000BF002080F3118800BF10BD70B5F1F746
:10E650000BFE0446102C16D304F1E02090F8F05382
:10E660001B480078854201DB012000E0002050B902
:10E6700000BF502080F31188BFF34F8FBFF36F8F1F
:10E6800000BF00BFFEE70F480C30006800F4E060F8
:10E6900010490968884201D8012000E0002050B9E3
:10E6A00000BF502080F31188BFF34F8FBFF36F8FEF
:10E6B00000BF00BFFEE770BD980000209DE300088A
:10E6C0002000002000ED00E071C20F4100E400E0F6
:10E6D0009C000020A000002034EF00E070B504464C
:10E6E0000026012509E001211F48F8F780F818B934
:10E6F00000252570002070BD761CB6F57A7FF2D318
:10E7000025700220F7E7F8B504460D4600260120E3
:10E71000009000276846FFF7E1FF06460EBB9DF814
:10E720000000F0B9F8F74CFF074600BFF8F748FFC4
:10E7300079198842FAD36846FFF7D0FF06469DF85C
:10E740000000012803D1022020700020F8BD032022
:10E75000207000BF6846FFF7C1FF0028FAD00020F4
:10E76000F4E73046F2E700000000024070B50446CE
:10E7700000262CB900224FF400511148F8F73FF859
:10E78000012C04D1012251030D48F8F738F8022C6E
:10E7900003D121030A48F8F738F8032C0DD10025DE
:10E7A00009E04FF400510648F8F72FF84FF496703F
:10E7B000F8F723FF6D1C062DF3DB304670BD00001B
:10E7C000000802402DE9F05F0546002092469B4676
:10E7D00088460646814640241BE028464146474677
:10E7E000224600F069F853465A46C01A914110D3A8
:10E7F00011461846224600F050F82D1A67EB010822
:10E800004F4622460120002100F047F817EB00098F
:10E810004E41201EA4F10104DFDC484631462A4661
:10E820004346BDE8F09F40EA01039B0703D009E09F
:10E8300008C9121F08C0042AFAD203E011F8013BEC
:10E8400000F8013B521EF9D27047D2B201E000F845
:10E85000012B491EFBD270470022F6E710B5134684
:10E860000A4604461946FFF7F0FF204610BD30B5B2
:10E870000B46014600202022012409E021FA02F57E
:10E880009D4205D303FA02F5491B04FA02F5284418
:10E89000151EA2F10102F1DC30BD202A04DB203A72
:10E8A00000FA02F1002070479140C2F1200320FAE3
:10E8B00003F3194390407047202A04DB203A21FAE1
:10E8C00002F00021704721FA02F3D040C2F1200289
:10E8D0009140084319467047064C074D06E0E06832
:10E8E00040F0010394E8070098471034AC42F6D397
:10E8F000F1F756FC40EB000860EB00080FB4054B45
:10E9000010B503A9044A029800F018F810BC5DF88D
:10E9100014FB000095020008A400002002E008C8D3
:10E92000121F08C1002AFAD170477047002001E089
:10E9300001C1121F002AFBD1704700002DE9FF4FD3
:10E9400089B09B460446002506E025280BD05A4690
:10E950000B999047641C6D1C20780028F5D10DB0F0
:10E960002846BDE8F08F0027B8460122474900E05D
:10E97000074314F8013F203B02FA03F00842F7D1A5
:10E9800020782E2819D114F8010F47F004072A28FF
:10E990000ED06FF02F022078A0F1300109290CD899
:10E9A00008EB880102EB410100EB0108641CF2E76F
:10E9B0000A98641C50F8048B0A9020780028CED066
:10E9C000642808D0692806D075281ED05A460B99AD
:10E9D00090476D1C58E00A994FF00A0901C90A9145
:10E9E000002802DA40422D2102E0390504D52B210E
:10E9F0008DF82010012103E0F90704D02021F7E76A
:10EA00008A4608AE0DE00021FAE70A994FF00A099C
:10EA100001C90A91F7E74946FFF729FF303106F8A7
:10EA2000011D0028F7D1ADEB060000F120097807A1
:10EA300001D44FF00108C84502DDA8EB090000E051
:10EA400000208046002706E008A85A46C05D0B99C2
:10EA500090476D1C7F1C5745F6DB04E030205A467A
:10EA60000B9990476D1CB8F10001A8F10108F5DC85
:10EA700005E016F8010B5A460B9990476D1CB9F149
:10EA80000001A9F10109F4DC641C65E70928010013
:10EA900034EB00080000000000000000000000004F
:10EAA000000000000002000018000000000000004C
:10EAB0000000000028EB000800000000000000003B
:10EAC000000000000000000000020000180000002C
:10EAD00000000000000000001CEB00080000000027
:10EAE0000000000000000000000000000002000024
:10EAF00018000000000000000000000000061016D2
:10EB000000061016000000000000000001020304CF
:10EB10000607080900000000010203046C65645F39
:10EB20005461736B000000006B65795F5461736B17
:10EB30000000000064656661756C745461736B005D
:10EB400060EB000800000020A80000001CE900089D
:10EB500008EC0008A8000020684D00002CE900081F
:10EB600000000000000000000000000000000000A5
:10EB70000000000000000000100000000100000084
:10EB80000024F4000000000000000000000000006D
:10EB90000000000000000000000000000000000075
:10EBA0000000000000000000000000000000000065
:10EBB0000000000000000000000000000000000055
:10EBC0000000000000000000000000000000000045
:10EBD0000000000000000000000000000000000035
:10EBE0000000000000000000000000000000000025
:10EBF0000000000000000000AAAAAAAA000000006D
:08EC000000000000000000000C
:040000050800019955
:00000001FF
